Well,Well Position,Omit,Sample,Target,Task,Reporter,Quencher,Amp Status,Amp Score,BioRad Cq,Thermo Cq,Cq Confidence,Cq Mean,Cq SD,,
1,A1,FALSE,1,PPMoV,UNKNOWN,CY5,NFQ-MGB,No Amp,0,NaN,NaN,0,,,,
1,A1,FALSE,1,N Gene,UNKNOWN,FAM,NFQ-MGB,Amp,2.420444988,31.06823256,32.34001541,0.974277816,32.34001541,,,
1,A1,FALSE,1,IAC,UNKNOWN,VIC/HEX,NFQ-MGB,Amp,2.229903564,30.65117225,31.8096981,0.979712823,31.8096981,,,
10,A10,FALSE,141,PPMoV,UNKNOWN,CY5,NFQ-MGB,No Amp,0,NaN,NaN,0,,,,
10,A10,FALSE,141,N Gene,UNKNOWN,FAM,NFQ-MGB,No Amp,1.748938668,NaN,NaN,0,,,,
10,A10,FALSE,141,IAC,UNKNOWN,VIC/HEX,NFQ-MGB,No Amp,0,NaN,NaN,0,,,,
11,A11,FALSE,157,PPMoV,UNKNOWN,CY5,NFQ-MGB,No Amp,0,NaN,NaN,0,,,,
11,A11,FALSE,157,N Gene,UNKNOWN,FAM,NFQ-MGB,No Amp,0,NaN,NaN,0,,,,
11,A11,FALSE,157,IAC,UNKNOWN,VIC/HEX,NFQ-MGB,No Amp,0,NaN,NaN,0,,,,
12,A12,FALSE,173,PPMoV,UNKNOWN,CY5,NFQ-MGB,No Amp,0,NaN,NaN,0,,,,
12,A12,FALSE,173,N Gene,UNKNOWN,FAM,NFQ-MGB,No Amp,0,NaN,NaN,0,,,,
12,A12,FALSE,173,IAC,UNKNOWN,VIC/HEX,NFQ-MGB,No Amp,0,NaN,NaN,0,,,,
13,A13,FALSE,189,PPMoV,UNKNOWN,CY5,NFQ-MGB,Amp,2.485080531,25.34130752,24.80553436,0.988167938,24.80553436,,,
13,A13,FALSE,189,N Gene,UNKNOWN,FAM,NFQ-MGB,Amp,2.547132715,34.61832423,34.10551453,0.971614544,34.10551453,,,
13,A13,FALSE,189,IAC,UNKNOWN,VIC/HEX,NFQ-MGB,Amp,2.351416058,34.73610549,31.16458511,0.963500585,31.16458511,,,
14,A14,FALSE,205,PPMoV,UNKNOWN,CY5,NFQ-MGB,Amp,2.486424104,25.43874575,24.82336044,0.986885323,24.82336044,,,
14,A14,FALSE,205,N Gene,UNKNOWN,FAM,NFQ-MGB,Amp,2.435359973,31.76632131,32.92294693,0.96489873,32.92294693,,,
14,A14,FALSE,205,IAC,UNKNOWN,VIC/HEX,NFQ-MGB,No Amp,1.663882947,NaN,NaN,0,,,,
15,A15,FALSE,219,PPMoV,UNKNOWN,CY5,NFQ-MGB,Amp,2.414829804,24.66433295,25.32598877,0.981976667,25.32598877,,,
15,A15,FALSE,219,N Gene,UNKNOWN,FAM,NFQ-MGB,Amp,2.447187739,33.84453908,34.86578369,0.967758737,34.86578369,,,
15,A15,FALSE,219,IAC,UNKNOWN,VIC/HEX,NFQ-MGB,Amp,2.332006364,34.61211577,30.41455269,0.985902477,30.41455269,,,
16,A16,FALSE,235,PPMoV,UNKNOWN,CY5,NFQ-MGB,Amp,2.440884917,25.09798245,25.25559998,0.985349415,25.25559998,,,
16,A16,FALSE,235,N Gene,UNKNOWN,FAM,NFQ-MGB,Amp,2.224360344,32.07831805,32.59954453,0.928259266,32.59954453,,,
16,A16,FALSE,235,IAC,UNKNOWN,VIC/HEX,NFQ-MGB,Amp,2.290240521,NaN,28.10696602,0.978664288,28.10696602,,,
17,A17,FALSE,251,PPMoV,UNKNOWN,CY5,NFQ-MGB,No Amp,0,NaN,NaN,0,,,,
17,A17,FALSE,251,N Gene,UNKNOWN,FAM,NFQ-MGB,No Amp,0,NaN,NaN,0,,,,
17,A17,FALSE,251,IAC,UNKNOWN,VIC/HEX,NFQ-MGB,No Amp,0,NaN,NaN,0,,,,
18,A18,FALSE,267,PPMoV,UNKNOWN,CY5,NFQ-MGB,No Amp,0,NaN,NaN,0,,,,
18,A18,FALSE,267,N Gene,UNKNOWN,FAM,NFQ-MGB,No Amp,0,NaN,NaN,0,,,,
18,A18,FALSE,267,IAC,UNKNOWN,VIC/HEX,NFQ-MGB,No Amp,0,NaN,NaN,0,,,,
19,A19,FALSE,283,PPMoV,UNKNOWN,CY5,NFQ-MGB,Amp,2.462048055,24.20803227,23.25099182,0.984728459,23.25099182,,,
19,A19,FALSE,283,N Gene,UNKNOWN,FAM,NFQ-MGB,No Amp,0,NaN,NaN,0,,,,
19,A19,FALSE,283,IAC,UNKNOWN,VIC/HEX,NFQ-MGB,Amp,2.313668124,28.45237197,28.38821983,0.984085634,28.38821983,,,
2,A2,FALSE,17,PPMoV,UNKNOWN,CY5,NFQ-MGB,No Amp,0,NaN,NaN,0,,,,
2,A2,FALSE,17,N Gene,UNKNOWN,FAM,NFQ-MGB,Amp,2.425862301,33.29771534,35.056633,0.973338678,35.056633,,,
2,A2,FALSE,17,IAC,UNKNOWN,VIC/HEX,NFQ-MGB,Amp,2.211364521,32.95962363,34.74583817,0.955064394,34.74583817,,,
20,A20,FALSE,299,PPMoV,UNKNOWN,CY5,NFQ-MGB,Amp,2.478389626,25.23898369,23.88676834,0.96623828,23.88676834,,,
20,A20,FALSE,299,N Gene,UNKNOWN,FAM,NFQ-MGB,No Amp,0.852249529,NaN,NaN,0,,,,
20,A20,FALSE,299,IAC,UNKNOWN,VIC/HEX,NFQ-MGB,Amp,2.326212302,NaN,27.47305107,0.983121334,27.47305107,,,
21,A21,FALSE,313,PPMoV,UNKNOWN,CY5,NFQ-MGB,Amp,2.444197752,33.85323216,34.91461563,0.978638315,34.91461563,,,
21,A21,FALSE,313,N Gene,UNKNOWN,FAM,NFQ-MGB,Amp,2.606070925,21.25806651,21.68698502,0.985402033,21.68698502,,,
21,A21,FALSE,313,IAC,UNKNOWN,VIC/HEX,NFQ-MGB,Amp,2.345311689,29.04017501,28.47236061,0.966784084,28.47236061,,,
22,A22,FALSE,329,PPMoV,UNKNOWN,CY5,NFQ-MGB,Amp,2.383838365,34.47765352,34.95423126,0.977383682,34.95423126,,,
22,A22,FALSE,329,N Gene,UNKNOWN,FAM,NFQ-MGB,Amp,2.500499847,22.68704862,21.07230377,0.981662159,21.07230377,,,
22,A22,FALSE,329,IAC,UNKNOWN,VIC/HEX,NFQ-MGB,Amp,2.374743876,NaN,26.78952599,0.973965885,26.78952599,,,
23,A23,FALSE,345,PPMoV,UNKNOWN,CY5,NFQ-MGB,No Amp,0,NaN,NaN,0,,,,
23,A23,FALSE,345,N Gene,UNKNOWN,FAM,NFQ-MGB,No Amp,0,NaN,NaN,0,,,,
23,A23,FALSE,345,IAC,UNKNOWN,VIC/HEX,NFQ-MGB,No Amp,1.257785746,NaN,NaN,0,,,,
24,A24,FALSE,361,PPMoV,UNKNOWN,CY5,NFQ-MGB,No Amp,0,NaN,NaN,0,,,,
24,A24,FALSE,361,N Gene,UNKNOWN,FAM,NFQ-MGB,No Amp,0,NaN,NaN,0,,,,
24,A24,FALSE,361,IAC,UNKNOWN,VIC/HEX,NFQ-MGB,No Amp,0,NaN,NaN,0,,,,
3,A3,FALSE,31,PPMoV,UNKNOWN,CY5,NFQ-MGB,No Amp,0,NaN,NaN,0,,,,
3,A3,FALSE,31,N Gene,UNKNOWN,FAM,NFQ-MGB,No Amp,0,NaN,NaN,0,,,,
3,A3,FALSE,31,IAC,UNKNOWN,VIC/HEX,NFQ-MGB,No Amp,0,NaN,NaN,0,,,,
4,A4,FALSE,47,PPMoV,UNKNOWN,CY5,NFQ-MGB,No Amp,0,NaN,NaN,0,,,,
4,A4,FALSE,47,N Gene,UNKNOWN,FAM,NFQ-MGB,No Amp,0,NaN,NaN,0,,,,
4,A4,FALSE,47,IAC,UNKNOWN,VIC/HEX,NFQ-MGB,No Amp,0,NaN,NaN,0,,,,
5,A5,FALSE,63,PPMoV,UNKNOWN,CY5,NFQ-MGB,No Amp,0,NaN,NaN,0,,,,
5,A5,FALSE,63,N Gene,UNKNOWN,FAM,NFQ-MGB,No Amp,0,NaN,NaN,0,,,,
5,A5,FALSE,63,IAC,UNKNOWN,VIC/HEX,NFQ-MGB,No Amp,0,NaN,NaN,0,,,,
6,A6,FALSE,79,PPMoV,UNKNOWN,CY5,NFQ-MGB,No Amp,0,NaN,NaN,0,,,,
6,A6,FALSE,79,N Gene,UNKNOWN,FAM,NFQ-MGB,No Amp,0,NaN,NaN,0,,,,
6,A6,FALSE,79,IAC,UNKNOWN,VIC/HEX,NFQ-MGB,No Amp,0,NaN,NaN,0,,,,
7,A7,FALSE,95,PPMoV,UNKNOWN,CY5,NFQ-MGB,No Amp,0.829580976,NaN,NaN,0,,,,
7,A7,FALSE,95,N Gene,UNKNOWN,FAM,NFQ-MGB,No Amp,0,NaN,NaN,0,,,,
7,A7,FALSE,95,IAC,UNKNOWN,VIC/HEX,NFQ-MGB,No Amp,0,NaN,NaN,0,,,,
8,A8,FALSE,111,PPMoV,UNKNOWN,CY5,NFQ-MGB,No Amp,0,NaN,NaN,0,,,,
8,A8,FALSE,111,N Gene,UNKNOWN,FAM,NFQ-MGB,No Amp,0,NaN,NaN,0,,,,
8,A8,FALSE,111,IAC,UNKNOWN,VIC/HEX,NFQ-MGB,No Amp,0,NaN,NaN,0,,,,
9,A9,FALSE,125,PPMoV,UNKNOWN,CY5,NFQ-MGB,No Amp,0,NaN,NaN,0,,,,
9,A9,FALSE,125,N Gene,UNKNOWN,FAM,NFQ-MGB,No Amp,0,NaN,NaN,0,,,,
9,A9,FALSE,125,IAC,UNKNOWN,VIC/HEX,NFQ-MGB,No Amp,0,NaN,NaN,0,,,,
25,B1,FALSE,9,PPMoV,UNKNOWN,CY5,NFQ-MGB,No Amp,0,NaN,NaN,0,,,,
25,B1,FALSE,9,N Gene,UNKNOWN,FAM,NFQ-MGB,No Amp,0,NaN,NaN,0,,,,
25,B1,FALSE,9,IAC,UNKNOWN,VIC/HEX,NFQ-MGB,No Amp,0,NaN,NaN,0,,,,
34,B10,FALSE,149,PPMoV,UNKNOWN,CY5,NFQ-MGB,No Amp,0,NaN,NaN,0,,,,
34,B10,FALSE,149,N Gene,UNKNOWN,FAM,NFQ-MGB,No Amp,0,NaN,NaN,0,,,,
34,B10,FALSE,149,IAC,UNKNOWN,VIC/HEX,NFQ-MGB,No Amp,0,NaN,NaN,0,,,,
35,B11,FALSE,165,PPMoV,UNKNOWN,CY5,NFQ-MGB,No Amp,0,NaN,NaN,0,,,,
35,B11,FALSE,165,N Gene,UNKNOWN,FAM,NFQ-MGB,No Amp,0,NaN,NaN,0,,,,
35,B11,FALSE,165,IAC,UNKNOWN,VIC/HEX,NFQ-MGB,No Amp,0,34.69219412,NaN,0,,,,
36,B12,FALSE,181,PPMoV,UNKNOWN,CY5,NFQ-MGB,No Amp,0,NaN,NaN,0,,,,
36,B12,FALSE,181,N Gene,UNKNOWN,FAM,NFQ-MGB,No Amp,0,35.90297718,NaN,0,,,,
36,B12,FALSE,181,IAC,UNKNOWN,VIC/HEX,NFQ-MGB,No Amp,0,NaN,NaN,0,,,,
37,B13,FALSE,197,PPMoV,UNKNOWN,CY5,NFQ-MGB,No Amp,0,NaN,NaN,0,,,,
37,B13,FALSE,197,N Gene,UNKNOWN,FAM,NFQ-MGB,No Amp,0,NaN,NaN,0,,,,
37,B13,FALSE,197,IAC,UNKNOWN,VIC/HEX,NFQ-MGB,No Amp,0,NaN,NaN,0,,,,
38,B14,FALSE,Pos Cntrl,PPMoV,UNKNOWN,CY5,NFQ-MGB,No Amp,0,NaN,NaN,0,,,,
38,B14,FALSE,Pos Cntrl,N Gene,UNKNOWN,FAM,NFQ-MGB,No Amp,0,NaN,NaN,0,,,,
38,B14,FALSE,Pos Cntrl,IAC,UNKNOWN,VIC/HEX,NFQ-MGB,No Amp,0,NaN,NaN,0,,,,
39,B15,FALSE,227,PPMoV,UNKNOWN,CY5,NFQ-MGB,No Amp,1.208767369,NaN,NaN,0,,,,
39,B15,FALSE,227,N Gene,UNKNOWN,FAM,NFQ-MGB,No Amp,1.540319936,NaN,NaN,0,,,,
39,B15,FALSE,227,IAC,UNKNOWN,VIC/HEX,NFQ-MGB,No Amp,0,NaN,NaN,0,,,,
40,B16,FALSE,243,PPMoV,UNKNOWN,CY5,NFQ-MGB,No Amp,0,NaN,NaN,0,,,,
40,B16,FALSE,243,N Gene,UNKNOWN,FAM,NFQ-MGB,No Amp,0,NaN,NaN,0,,,,
40,B16,FALSE,243,IAC,UNKNOWN,VIC/HEX,NFQ-MGB,No Amp,0,NaN,NaN,0,,,,
41,B17,FALSE,259,PPMoV,UNKNOWN,CY5,NFQ-MGB,No Amp,0,NaN,NaN,0,,,,
41,B17,FALSE,259,N Gene,UNKNOWN,FAM,NFQ-MGB,No Amp,0,NaN,NaN,0,,,,
41,B17,FALSE,259,IAC,UNKNOWN,VIC/HEX,NFQ-MGB,No Amp,0,NaN,NaN,0,,,,
42,B18,FALSE,275,PPMoV,UNKNOWN,CY5,NFQ-MGB,No Amp,0,NaN,NaN,0,,,,
42,B18,FALSE,275,N Gene,UNKNOWN,FAM,NFQ-MGB,No Amp,0,NaN,NaN,0,,,,
42,B18,FALSE,275,IAC,UNKNOWN,VIC/HEX,NFQ-MGB,No Amp,0,NaN,NaN,0,,,,
43,B19,FALSE,291,PPMoV,UNKNOWN,CY5,NFQ-MGB,No Amp,0,NaN,NaN,0,,,,
43,B19,FALSE,291,N Gene,UNKNOWN,FAM,NFQ-MGB,No Amp,0,NaN,NaN,0,,,,
43,B19,FALSE,291,IAC,UNKNOWN,VIC/HEX,NFQ-MGB,No Amp,0,NaN,NaN,0,,,,
26,B2,FALSE,Pos Cntrl,PPMoV,UNKNOWN,CY5,NFQ-MGB,No Amp,0,NaN,NaN,0,,,,
26,B2,FALSE,Pos Cntrl,N Gene,UNKNOWN,FAM,NFQ-MGB,No Amp,0,NaN,NaN,0,,,,
26,B2,FALSE,Pos Cntrl,IAC,UNKNOWN,VIC/HEX,NFQ-MGB,No Amp,0,NaN,NaN,0,,,,
44,B20,FALSE,Pos Cntrl,PPMoV,UNKNOWN,CY5,NFQ-MGB,No Amp,0,NaN,NaN,0,,,,
44,B20,FALSE,Pos Cntrl,N Gene,UNKNOWN,FAM,NFQ-MGB,No Amp,1.421125394,NaN,NaN,0,,,,
44,B20,FALSE,Pos Cntrl,IAC,UNKNOWN,VIC/HEX,NFQ-MGB,No Amp,0,NaN,NaN,0,,,,
45,B21,FALSE,321,PPMoV,UNKNOWN,CY5,NFQ-MGB,No Amp,0,NaN,NaN,0,,,,
45,B21,FALSE,321,N Gene,UNKNOWN,FAM,NFQ-MGB,No Amp,0,NaN,NaN,0,,,,
45,B21,FALSE,321,IAC,UNKNOWN,VIC/HEX,NFQ-MGB,No Amp,0,NaN,NaN,0,,,,
46,B22,FALSE,337,PPMoV,UNKNOWN,CY5,NFQ-MGB,No Amp,0,NaN,NaN,0,,,,
46,B22,FALSE,337,N Gene,UNKNOWN,FAM,NFQ-MGB,No Amp,0,NaN,NaN,0,,,,
46,B22,FALSE,337,IAC,UNKNOWN,VIC/HEX,NFQ-MGB,No Amp,0,NaN,NaN,0,,,,
47,B23,FALSE,353,PPMoV,UNKNOWN,CY5,NFQ-MGB,No Amp,0,NaN,NaN,0,,,,
47,B23,FALSE,353,N Gene,UNKNOWN,FAM,NFQ-MGB,No Amp,0,NaN,NaN,0,,,,
47,B23,FALSE,353,IAC,UNKNOWN,VIC/HEX,NFQ-MGB,No Amp,0,NaN,NaN,0,,,,
48,B24,FALSE,369,PPMoV,UNKNOWN,CY5,NFQ-MGB,No Amp,0,NaN,NaN,0,,,,
48,B24,FALSE,369,N Gene,UNKNOWN,FAM,NFQ-MGB,No Amp,0,NaN,NaN,0,,,,
48,B24,FALSE,369,IAC,UNKNOWN,VIC/HEX,NFQ-MGB,No Amp,0,NaN,NaN,0,,,,
27,B3,FALSE,39,PPMoV,UNKNOWN,CY5,NFQ-MGB,No Amp,0,NaN,NaN,0,,,,
27,B3,FALSE,39,N Gene,UNKNOWN,FAM,NFQ-MGB,Amp,2.490174567,NaN,36.44515228,0.973450469,36.44515228,,,
27,B3,FALSE,39,IAC,UNKNOWN,VIC/HEX,NFQ-MGB,No Amp,0,NaN,NaN,0,,,,
28,B4,FALSE,55,PPMoV,UNKNOWN,CY5,NFQ-MGB,No Amp,0,NaN,NaN,0,,,,
28,B4,FALSE,55,N Gene,UNKNOWN,FAM,NFQ-MGB,No Amp,0,NaN,NaN,0,,,,
28,B4,FALSE,55,IAC,UNKNOWN,VIC/HEX,NFQ-MGB,No Amp,0,NaN,NaN,0,,,,
29,B5,FALSE,71,PPMoV,UNKNOWN,CY5,NFQ-MGB,No Amp,0,NaN,NaN,0,,,,
29,B5,FALSE,71,N Gene,UNKNOWN,FAM,NFQ-MGB,No Amp,0,NaN,NaN,0,,,,
29,B5,FALSE,71,IAC,UNKNOWN,VIC/HEX,NFQ-MGB,No Amp,0,NaN,NaN,0,,,,
30,B6,FALSE,87,PPMoV,UNKNOWN,CY5,NFQ-MGB,No Amp,0,NaN,NaN,0,,,,
30,B6,FALSE,87,N Gene,UNKNOWN,FAM,NFQ-MGB,No Amp,0,NaN,NaN,0,,,,
30,B6,FALSE,87,IAC,UNKNOWN,VIC/HEX,NFQ-MGB,No Amp,0,NaN,NaN,0,,,,
31,B7,FALSE,103,PPMoV,UNKNOWN,CY5,NFQ-MGB,No Amp,0,NaN,NaN,0,,,,
31,B7,FALSE,103,N Gene,UNKNOWN,FAM,NFQ-MGB,No Amp,0,NaN,NaN,0,,,,
31,B7,FALSE,103,IAC,UNKNOWN,VIC/HEX,NFQ-MGB,No Amp,0,NaN,NaN,0,,,,
32,B8,FALSE,Pos Cntrl,PPMoV,UNKNOWN,CY5,NFQ-MGB,No Amp,0,NaN,NaN,0,,,,
32,B8,FALSE,Pos Cntrl,N Gene,UNKNOWN,FAM,NFQ-MGB,No Amp,0,NaN,NaN,0,,,,
32,B8,FALSE,Pos Cntrl,IAC,UNKNOWN,VIC/HEX,NFQ-MGB,No Amp,0,NaN,NaN,0,,,,
33,B9,FALSE,133,PPMoV,UNKNOWN,CY5,NFQ-MGB,No Amp,0,NaN,NaN,0,,,,
33,B9,FALSE,133,N Gene,UNKNOWN,FAM,NFQ-MGB,No Amp,0,NaN,NaN,0,,,,
33,B9,FALSE,133,IAC,UNKNOWN,VIC/HEX,NFQ-MGB,No Amp,0,NaN,NaN,0,,,,
49,C1,FALSE,2,PPMoV,UNKNOWN,CY5,NFQ-MGB,No Amp,0,NaN,NaN,0,,,,
49,C1,FALSE,2,N Gene,UNKNOWN,FAM,NFQ-MGB,No Amp,0,NaN,NaN,0,,,,
49,C1,FALSE,2,IAC,UNKNOWN,VIC/HEX,NFQ-MGB,No Amp,0,NaN,NaN,0,,,,
58,C10,FALSE,142,PPMoV,UNKNOWN,CY5,NFQ-MGB,No Amp,0,NaN,NaN,0,,,,
58,C10,FALSE,142,N Gene,UNKNOWN,FAM,NFQ-MGB,No Amp,0,34.66121239,NaN,0,,,,
58,C10,FALSE,142,IAC,UNKNOWN,VIC/HEX,NFQ-MGB,No Amp,0,NaN,NaN,0,,,,
59,C11,FALSE,158,PPMoV,UNKNOWN,CY5,NFQ-MGB,No Amp,0,NaN,NaN,0,,,,
59,C11,FALSE,158,N Gene,UNKNOWN,FAM,NFQ-MGB,No Amp,0,NaN,NaN,0,,,,
59,C11,FALSE,158,IAC,UNKNOWN,VIC/HEX,NFQ-MGB,No Amp,0,NaN,NaN,0,,,,
60,C12,FALSE,174,PPMoV,UNKNOWN,CY5,NFQ-MGB,No Amp,0,NaN,NaN,0,,,,
60,C12,FALSE,174,N Gene,UNKNOWN,FAM,NFQ-MGB,No Amp,0,NaN,NaN,0,,,,
60,C12,FALSE,174,IAC,UNKNOWN,VIC/HEX,NFQ-MGB,No Amp,0,NaN,NaN,0,,,,
61,C13,FALSE,190,PPMoV,UNKNOWN,CY5,NFQ-MGB,Amp,2.542858406,NaN,24.48069954,0.988158288,24.48069954,,,
61,C13,FALSE,190,N Gene,UNKNOWN,FAM,NFQ-MGB,Amp,2.620050536,NaN,33.68017197,0.980534762,33.68017197,,,
61,C13,FALSE,190,IAC,UNKNOWN,VIC/HEX,NFQ-MGB,Amp,2.426985897,NaN,30.63506889,0.989414814,30.63506889,,,
62,C14,FALSE,206,PPMoV,UNKNOWN,CY5,NFQ-MGB,Amp,2.576114518,NaN,24.57548141,0.983602068,24.57548141,,,
62,C14,FALSE,206,N Gene,UNKNOWN,FAM,NFQ-MGB,Amp,2.332846622,NaN,30.61170387,0.932397651,30.61170387,,,
62,C14,FALSE,206,IAC,UNKNOWN,VIC/HEX,NFQ-MGB,Amp,2.389141975,NaN,27.51833916,0.988308655,27.51833916,,,
63,C15,FALSE,220,PPMoV,UNKNOWN,CY5,NFQ-MGB,Amp,2.513907899,NaN,24.85696411,0.976406801,24.85696411,,,
63,C15,FALSE,220,N Gene,UNKNOWN,FAM,NFQ-MGB,Amp,2.580701971,NaN,33.94694901,0.976501082,33.94694901,,,
63,C15,FALSE,220,IAC,UNKNOWN,VIC/HEX,NFQ-MGB,Amp,2.373822046,NaN,31.30205154,0.960663629,31.30205154,,,
64,C16,FALSE,236,PPMoV,UNKNOWN,CY5,NFQ-MGB,Amp,2.521688554,NaN,25.10997581,0.989812667,25.10997581,,,
64,C16,FALSE,236,N Gene,UNKNOWN,FAM,NFQ-MGB,Amp,2.451187254,NaN,32.38250351,0.967209245,32.38250351,,,
64,C16,FALSE,236,IAC,UNKNOWN,VIC/HEX,NFQ-MGB,Amp,2.293359743,NaN,29.22221947,0.97563328,29.22221947,,,
65,C17,FALSE,252,PPMoV,UNKNOWN,CY5,NFQ-MGB,No Amp,0,NaN,NaN,0,,,,
65,C17,FALSE,252,N Gene,UNKNOWN,FAM,NFQ-MGB,No Amp,0,NaN,NaN,0,,,,
65,C17,FALSE,252,IAC,UNKNOWN,VIC/HEX,NFQ-MGB,No Amp,0,NaN,NaN,0,,,,
66,C18,FALSE,268,PPMoV,UNKNOWN,CY5,NFQ-MGB,No Amp,0,NaN,NaN,0,,,,
66,C18,FALSE,268,N Gene,UNKNOWN,FAM,NFQ-MGB,No Amp,0,NaN,NaN,0,,,,
66,C18,FALSE,268,IAC,UNKNOWN,VIC/HEX,NFQ-MGB,No Amp,0,NaN,NaN,0,,,,
67,C19,FALSE,284,PPMoV,UNKNOWN,CY5,NFQ-MGB,No Amp,0,NaN,NaN,0,,,,
67,C19,FALSE,284,N Gene,UNKNOWN,FAM,NFQ-MGB,No Amp,0,NaN,NaN,0,,,,
67,C19,FALSE,284,IAC,UNKNOWN,VIC/HEX,NFQ-MGB,No Amp,1.31341469,NaN,NaN,0,,,,
50,C2,FALSE,18,PPMoV,UNKNOWN,CY5,NFQ-MGB,No Amp,0,NaN,NaN,0,,,,
50,C2,FALSE,18,N Gene,UNKNOWN,FAM,NFQ-MGB,No Amp,0,NaN,NaN,0,,,,
50,C2,FALSE,18,IAC,UNKNOWN,VIC/HEX,NFQ-MGB,No Amp,0,NaN,NaN,0,,,,
68,C20,FALSE,300,PPMoV,UNKNOWN,CY5,NFQ-MGB,No Amp,0,24.17888772,NaN,0,,,,
68,C20,FALSE,300,N Gene,UNKNOWN,FAM,NFQ-MGB,No Amp,0,31.96271267,NaN,0,,,,
68,C20,FALSE,300,IAC,UNKNOWN,VIC/HEX,NFQ-MGB,No Amp,0,29.44341942,NaN,0,,,,
69,C21,FALSE,314,PPMoV,UNKNOWN,CY5,NFQ-MGB,No Amp,0,24.27593477,NaN,0,,,,
69,C21,FALSE,314,N Gene,UNKNOWN,FAM,NFQ-MGB,No Amp,0,28.06896251,NaN,0,,,,
69,C21,FALSE,314,IAC,UNKNOWN,VIC/HEX,NFQ-MGB,No Amp,0,27.20776066,NaN,0,,,,
70,C22,FALSE,330,PPMoV,UNKNOWN,CY5,NFQ-MGB,No Amp,0,24.61350244,NaN,0,,,,
70,C22,FALSE,330,N Gene,UNKNOWN,FAM,NFQ-MGB,No Amp,0,32.54940952,NaN,0,,,,
70,C22,FALSE,330,IAC,UNKNOWN,VIC/HEX,NFQ-MGB,No Amp,0,29.11863741,NaN,0,,,,
71,C23,FALSE,346,PPMoV,UNKNOWN,CY5,NFQ-MGB,No Amp,0,25.11883636,NaN,0,,,,
71,C23,FALSE,346,N Gene,UNKNOWN,FAM,NFQ-MGB,No Amp,0,28.71037907,NaN,0,,,,
71,C23,FALSE,346,IAC,UNKNOWN,VIC/HEX,NFQ-MGB,No Amp,0,26.99234546,NaN,0,,,,
72,C24,FALSE,362,PPMoV,UNKNOWN,CY5,NFQ-MGB,No Amp,0,NaN,NaN,0,,,,
72,C24,FALSE,362,N Gene,UNKNOWN,FAM,NFQ-MGB,No Amp,1.635982484,NaN,NaN,0,,,,
72,C24,FALSE,362,IAC,UNKNOWN,VIC/HEX,NFQ-MGB,No Amp,0,NaN,NaN,0,,,,
51,C3,FALSE,32,PPMoV,UNKNOWN,CY5,NFQ-MGB,No Amp,0,NaN,NaN,0,,,,
51,C3,FALSE,32,N Gene,UNKNOWN,FAM,NFQ-MGB,No Amp,0,NaN,NaN,0,,,,
51,C3,FALSE,32,IAC,UNKNOWN,VIC/HEX,NFQ-MGB,No Amp,1.820580037,NaN,NaN,0,,,,
52,C4,FALSE,48,PPMoV,UNKNOWN,CY5,NFQ-MGB,No Amp,0,NaN,NaN,0,,,,
52,C4,FALSE,48,N Gene,UNKNOWN,FAM,NFQ-MGB,No Amp,0,NaN,NaN,0,,,,
52,C4,FALSE,48,IAC,UNKNOWN,VIC/HEX,NFQ-MGB,No Amp,0,NaN,NaN,0,,,,
53,C5,FALSE,64,PPMoV,UNKNOWN,CY5,NFQ-MGB,No Amp,0,NaN,NaN,0,,,,
53,C5,FALSE,64,N Gene,UNKNOWN,FAM,NFQ-MGB,No Amp,0,NaN,NaN,0,,,,
53,C5,FALSE,64,IAC,UNKNOWN,VIC/HEX,NFQ-MGB,No Amp,0,NaN,NaN,0,,,,
54,C6,FALSE,80,PPMoV,UNKNOWN,CY5,NFQ-MGB,No Amp,0,NaN,NaN,0,,,,
54,C6,FALSE,80,N Gene,UNKNOWN,FAM,NFQ-MGB,No Amp,0,NaN,NaN,0,,,,
54,C6,FALSE,80,IAC,UNKNOWN,VIC/HEX,NFQ-MGB,No Amp,0,NaN,NaN,0,,,,
55,C7,FALSE,96,PPMoV,UNKNOWN,CY5,NFQ-MGB,No Amp,0,NaN,NaN,0,,,,
55,C7,FALSE,96,N Gene,UNKNOWN,FAM,NFQ-MGB,No Amp,0,NaN,NaN,0,,,,
55,C7,FALSE,96,IAC,UNKNOWN,VIC/HEX,NFQ-MGB,No Amp,0,NaN,NaN,0,,,,
56,C8,FALSE,112,PPMoV,UNKNOWN,CY5,NFQ-MGB,No Amp,0,NaN,NaN,0,,,,
56,C8,FALSE,112,N Gene,UNKNOWN,FAM,NFQ-MGB,No Amp,0,NaN,NaN,0,,,,
56,C8,FALSE,112,IAC,UNKNOWN,VIC/HEX,NFQ-MGB,No Amp,0,NaN,NaN,0,,,,
57,C9,FALSE,126,PPMoV,UNKNOWN,CY5,NFQ-MGB,No Amp,0,NaN,NaN,0,,,,
57,C9,FALSE,126,N Gene,UNKNOWN,FAM,NFQ-MGB,No Amp,0,NaN,NaN,0,,,,
57,C9,FALSE,126,IAC,UNKNOWN,VIC/HEX,NFQ-MGB,No Amp,0,NaN,NaN,0,,,,
73,D1,FALSE,10,PPMoV,UNKNOWN,CY5,NFQ-MGB,No Amp,0,NaN,NaN,0,,,,
73,D1,FALSE,10,N Gene,UNKNOWN,FAM,NFQ-MGB,No Amp,0,NaN,NaN,0,,,,
73,D1,FALSE,10,IAC,UNKNOWN,VIC/HEX,NFQ-MGB,No Amp,0,NaN,NaN,0,,,,
82,D10,FALSE,150,PPMoV,UNKNOWN,CY5,NFQ-MGB,No Amp,0,NaN,NaN,0,,,,
82,D10,FALSE,150,N Gene,UNKNOWN,FAM,NFQ-MGB,No Amp,0,36.06705123,NaN,0,,,,
82,D10,FALSE,150,IAC,UNKNOWN,VIC/HEX,NFQ-MGB,No Amp,0,33.61844313,NaN,0,,,,
83,D11,FALSE,166,PPMoV,UNKNOWN,CY5,NFQ-MGB,No Amp,0,NaN,NaN,0,,,,
83,D11,FALSE,166,N Gene,UNKNOWN,FAM,NFQ-MGB,No Amp,0,33.14147314,NaN,0,,,,
83,D11,FALSE,166,IAC,UNKNOWN,VIC/HEX,NFQ-MGB,No Amp,0,NaN,NaN,0,,,,
84,D12,FALSE,182,PPMoV,UNKNOWN,CY5,NFQ-MGB,No Amp,0,NaN,NaN,0,,,,
84,D12,FALSE,182,N Gene,UNKNOWN,FAM,NFQ-MGB,No Amp,0,35.03397974,NaN,0,,,,
84,D12,FALSE,182,IAC,UNKNOWN,VIC/HEX,NFQ-MGB,No Amp,0,34.78758537,NaN,0,,,,
85,D13,FALSE,198,PPMoV,UNKNOWN,CY5,NFQ-MGB,No Amp,1.315765233,NaN,NaN,0,,,,
85,D13,FALSE,198,N Gene,UNKNOWN,FAM,NFQ-MGB,No Amp,0,NaN,NaN,0,,,,
85,D13,FALSE,198,IAC,UNKNOWN,VIC/HEX,NFQ-MGB,No Amp,0,NaN,NaN,0,,,,
86,D14,FALSE,212,PPMoV,UNKNOWN,CY5,NFQ-MGB,No Amp,0.939182624,NaN,NaN,0,,,,
86,D14,FALSE,212,N Gene,UNKNOWN,FAM,NFQ-MGB,No Amp,0,NaN,NaN,0,,,,
86,D14,FALSE,212,IAC,UNKNOWN,VIC/HEX,NFQ-MGB,No Amp,1.272608506,NaN,NaN,0,,,,
87,D15,FALSE,228,PPMoV,UNKNOWN,CY5,NFQ-MGB,No Amp,0,NaN,NaN,0,,,,
87,D15,FALSE,228,N Gene,UNKNOWN,FAM,NFQ-MGB,No Amp,0,NaN,NaN,0,,,,
87,D15,FALSE,228,IAC,UNKNOWN,VIC/HEX,NFQ-MGB,No Amp,0,NaN,NaN,0,,,,
88,D16,FALSE,244,PPMoV,UNKNOWN,CY5,NFQ-MGB,No Amp,0,NaN,NaN,0,,,,
88,D16,FALSE,244,N Gene,UNKNOWN,FAM,NFQ-MGB,No Amp,0,NaN,NaN,0,,,,
88,D16,FALSE,244,IAC,UNKNOWN,VIC/HEX,NFQ-MGB,No Amp,0,NaN,NaN,0,,,,
89,D17,FALSE,260,PPMoV,UNKNOWN,CY5,NFQ-MGB,No Amp,0,NaN,NaN,0,,,,
89,D17,FALSE,260,N Gene,UNKNOWN,FAM,NFQ-MGB,No Amp,0,NaN,NaN,0,,,,
89,D17,FALSE,260,IAC,UNKNOWN,VIC/HEX,NFQ-MGB,No Amp,0,NaN,NaN,0,,,,
90,D18,FALSE,276,PPMoV,UNKNOWN,CY5,NFQ-MGB,No Amp,0,NaN,NaN,0,,,,
90,D18,FALSE,276,N Gene,UNKNOWN,FAM,NFQ-MGB,No Amp,0,NaN,NaN,0,,,,
90,D18,FALSE,276,IAC,UNKNOWN,VIC/HEX,NFQ-MGB,No Amp,0,NaN,NaN,0,,,,
91,D19,FALSE,292,PPMoV,UNKNOWN,CY5,NFQ-MGB,No Amp,0,NaN,NaN,0,,,,
91,D19,FALSE,292,N Gene,UNKNOWN,FAM,NFQ-MGB,No Amp,0,NaN,NaN,0,,,,
91,D19,FALSE,292,IAC,UNKNOWN,VIC/HEX,NFQ-MGB,No Amp,0,NaN,NaN,0,,,,
74,D2,FALSE,24,PPMoV,UNKNOWN,CY5,NFQ-MGB,No Amp,0,NaN,NaN,0,,,,
74,D2,FALSE,24,N Gene,UNKNOWN,FAM,NFQ-MGB,No Amp,0,NaN,NaN,0,,,,
74,D2,FALSE,24,IAC,UNKNOWN,VIC/HEX,NFQ-MGB,No Amp,0,NaN,NaN,0,,,,
92,D20,FALSE,306,PPMoV,UNKNOWN,CY5,NFQ-MGB,No Amp,0,NaN,NaN,0,,,,
92,D20,FALSE,306,N Gene,UNKNOWN,FAM,NFQ-MGB,No Amp,0,NaN,NaN,0,,,,
92,D20,FALSE,306,IAC,UNKNOWN,VIC/HEX,NFQ-MGB,No Amp,0,NaN,NaN,0,,,,
93,D21,FALSE,322,PPMoV,UNKNOWN,CY5,NFQ-MGB,No Amp,0,NaN,NaN,0,,,,
93,D21,FALSE,322,N Gene,UNKNOWN,FAM,NFQ-MGB,No Amp,0,NaN,NaN,0,,,,
93,D21,FALSE,322,IAC,UNKNOWN,VIC/HEX,NFQ-MGB,No Amp,0,NaN,NaN,0,,,,
94,D22,FALSE,338,PPMoV,UNKNOWN,CY5,NFQ-MGB,No Amp,0,NaN,NaN,0,,,,
94,D22,FALSE,338,N Gene,UNKNOWN,FAM,NFQ-MGB,No Amp,0,NaN,NaN,0,,,,
94,D22,FALSE,338,IAC,UNKNOWN,VIC/HEX,NFQ-MGB,No Amp,0,NaN,NaN,0,,,,
95,D23,FALSE,354,PPMoV,UNKNOWN,CY5,NFQ-MGB,No Amp,0,NaN,NaN,0,,,,
95,D23,FALSE,354,N Gene,UNKNOWN,FAM,NFQ-MGB,No Amp,0,NaN,NaN,0,,,,
95,D23,FALSE,354,IAC,UNKNOWN,VIC/HEX,NFQ-MGB,No Amp,0,NaN,NaN,0,,,,
96,D24,FALSE,370,PPMoV,UNKNOWN,CY5,NFQ-MGB,No Amp,0,NaN,NaN,0,,,,
96,D24,FALSE,370,N Gene,UNKNOWN,FAM,NFQ-MGB,No Amp,0,NaN,NaN,0,,,,
96,D24,FALSE,370,IAC,UNKNOWN,VIC/HEX,NFQ-MGB,No Amp,0,NaN,NaN,0,,,,
75,D3,FALSE,40,PPMoV,UNKNOWN,CY5,NFQ-MGB,No Amp,0,NaN,NaN,0,,,,
75,D3,FALSE,40,N Gene,UNKNOWN,FAM,NFQ-MGB,Amp,2.399570349,NaN,36.02932358,0.966064574,36.02932358,,,
75,D3,FALSE,40,IAC,UNKNOWN,VIC/HEX,NFQ-MGB,No Amp,0,NaN,NaN,0,,,,
76,D4,FALSE,56,PPMoV,UNKNOWN,CY5,NFQ-MGB,No Amp,0,NaN,NaN,0,,,,
76,D4,FALSE,56,N Gene,UNKNOWN,FAM,NFQ-MGB,Amp,2.480858061,NaN,36.05295944,0.983719674,36.05295944,,,
76,D4,FALSE,56,IAC,UNKNOWN,VIC/HEX,NFQ-MGB,Amp,2.303136276,NaN,34.95648193,0.979321451,34.95648193,,,
77,D5,FALSE,72,PPMoV,UNKNOWN,CY5,NFQ-MGB,No Amp,0,NaN,NaN,0,,,,
77,D5,FALSE,72,N Gene,UNKNOWN,FAM,NFQ-MGB,No Amp,0,NaN,NaN,0,,,,
77,D5,FALSE,72,IAC,UNKNOWN,VIC/HEX,NFQ-MGB,No Amp,0,NaN,NaN,0,,,,
78,D6,FALSE,88,PPMoV,UNKNOWN,CY5,NFQ-MGB,No Amp,0,NaN,NaN,0,,,,
78,D6,FALSE,88,N Gene,UNKNOWN,FAM,NFQ-MGB,No Amp,0,NaN,NaN,0,,,,
78,D6,FALSE,88,IAC,UNKNOWN,VIC/HEX,NFQ-MGB,No Amp,0,NaN,NaN,0,,,,
79,D7,FALSE,104,PPMoV,UNKNOWN,CY5,NFQ-MGB,No Amp,0,NaN,NaN,0,,,,
79,D7,FALSE,104,N Gene,UNKNOWN,FAM,NFQ-MGB,No Amp,0,NaN,NaN,0,,,,
79,D7,FALSE,104,IAC,UNKNOWN,VIC/HEX,NFQ-MGB,No Amp,0,NaN,NaN,0,,,,
80,D8,FALSE,118,PPMoV,UNKNOWN,CY5,NFQ-MGB,No Amp,0,NaN,NaN,0,,,,
80,D8,FALSE,118,N Gene,UNKNOWN,FAM,NFQ-MGB,No Amp,0,NaN,NaN,0,,,,
80,D8,FALSE,118,IAC,UNKNOWN,VIC/HEX,NFQ-MGB,No Amp,0,NaN,NaN,0,,,,
81,D9,FALSE,134,PPMoV,UNKNOWN,CY5,NFQ-MGB,No Amp,0,NaN,NaN,0,,,,
81,D9,FALSE,134,N Gene,UNKNOWN,FAM,NFQ-MGB,No Amp,0,NaN,NaN,0,,,,
81,D9,FALSE,134,IAC,UNKNOWN,VIC/HEX,NFQ-MGB,No Amp,0,NaN,NaN,0,,,,
97,E1,FALSE,3,PPMoV,UNKNOWN,CY5,NFQ-MGB,No Amp,0,NaN,NaN,0,,,,
97,E1,FALSE,3,N Gene,UNKNOWN,FAM,NFQ-MGB,No Amp,0,34.26289323,NaN,0,,,,
97,E1,FALSE,3,IAC,UNKNOWN,VIC/HEX,NFQ-MGB,No Amp,1.329442424,32.89938654,NaN,0,,,,
106,E10,FALSE,143,PPMoV,UNKNOWN,CY5,NFQ-MGB,No Amp,0,NaN,NaN,0,,,,
106,E10,FALSE,143,N Gene,UNKNOWN,FAM,NFQ-MGB,No Amp,0,NaN,NaN,0,,,,
106,E10,FALSE,143,IAC,UNKNOWN,VIC/HEX,NFQ-MGB,No Amp,0,NaN,NaN,0,,,,
107,E11,FALSE,159,PPMoV,UNKNOWN,CY5,NFQ-MGB,No Amp,0,NaN,NaN,0,,,,
107,E11,FALSE,159,N Gene,UNKNOWN,FAM,NFQ-MGB,No Amp,0,NaN,NaN,0,,,,
107,E11,FALSE,159,IAC,UNKNOWN,VIC/HEX,NFQ-MGB,No Amp,0,NaN,NaN,0,,,,
108,E12,FALSE,175,PPMoV,UNKNOWN,CY5,NFQ-MGB,No Amp,0,NaN,NaN,0,,,,
108,E12,FALSE,175,N Gene,UNKNOWN,FAM,NFQ-MGB,No Amp,0,NaN,NaN,0,,,,
108,E12,FALSE,175,IAC,UNKNOWN,VIC/HEX,NFQ-MGB,No Amp,0,NaN,NaN,0,,,,
109,E13,FALSE,191,PPMoV,UNKNOWN,CY5,NFQ-MGB,Amp,2.533286544,NaN,24.79761696,0.990449959,24.79761696,,,
109,E13,FALSE,191,N Gene,UNKNOWN,FAM,NFQ-MGB,Amp,2.534399701,NaN,36.43872833,0.965130949,36.43872833,,,
109,E13,FALSE,191,IAC,UNKNOWN,VIC/HEX,NFQ-MGB,Amp,2.411531812,NaN,30.79595375,0.98815032,30.79595375,,,
110,E14,FALSE,207,PPMoV,UNKNOWN,CY5,NFQ-MGB,Amp,2.581295154,NaN,24.25372696,0.98902785,24.25372696,,,
110,E14,FALSE,207,N Gene,UNKNOWN,FAM,NFQ-MGB,Amp,2.472217276,NaN,33.05755234,0.957168115,33.05755234,,,
110,E14,FALSE,207,IAC,UNKNOWN,VIC/HEX,NFQ-MGB,Amp,2.250184284,NaN,30.83319092,0.974765976,30.83319092,,,
111,E15,FALSE,221,PPMoV,UNKNOWN,CY5,NFQ-MGB,No Amp,0,NaN,NaN,0,,,,
111,E15,FALSE,221,N Gene,UNKNOWN,FAM,NFQ-MGB,No Amp,0,NaN,NaN,0,,,,
111,E15,FALSE,221,IAC,UNKNOWN,VIC/HEX,NFQ-MGB,No Amp,0,NaN,NaN,0,,,,
112,E16,FALSE,237,PPMoV,UNKNOWN,CY5,NFQ-MGB,No Amp,0,NaN,NaN,0,,,,
112,E16,FALSE,237,N Gene,UNKNOWN,FAM,NFQ-MGB,No Amp,0,NaN,NaN,0,,,,
112,E16,FALSE,237,IAC,UNKNOWN,VIC/HEX,NFQ-MGB,No Amp,0,NaN,NaN,0,,,,
113,E17,FALSE,253,PPMoV,UNKNOWN,CY5,NFQ-MGB,No Amp,0,NaN,NaN,0,,,,
113,E17,FALSE,253,N Gene,UNKNOWN,FAM,NFQ-MGB,No Amp,0,NaN,NaN,0,,,,
113,E17,FALSE,253,IAC,UNKNOWN,VIC/HEX,NFQ-MGB,No Amp,0,NaN,NaN,0,,,,
114,E18,FALSE,269,PPMoV,UNKNOWN,CY5,NFQ-MGB,No Amp,0,NaN,NaN,0,,,,
114,E18,FALSE,269,N Gene,UNKNOWN,FAM,NFQ-MGB,No Amp,0,NaN,NaN,0,,,,
114,E18,FALSE,269,IAC,UNKNOWN,VIC/HEX,NFQ-MGB,No Amp,0,NaN,NaN,0,,,,
115,E19,FALSE,285,PPMoV,UNKNOWN,CY5,NFQ-MGB,No Amp,0,NaN,NaN,0,,,,
115,E19,FALSE,285,N Gene,UNKNOWN,FAM,NFQ-MGB,No Amp,0,NaN,NaN,0,,,,
115,E19,FALSE,285,IAC,UNKNOWN,VIC/HEX,NFQ-MGB,No Amp,1.014390439,NaN,NaN,0,,,,
98,E2,FALSE,19,PPMoV,UNKNOWN,CY5,NFQ-MGB,No Amp,0,NaN,NaN,0,,,,
98,E2,FALSE,19,N Gene,UNKNOWN,FAM,NFQ-MGB,No Amp,0,NaN,NaN,0,,,,
98,E2,FALSE,19,IAC,UNKNOWN,VIC/HEX,NFQ-MGB,No Amp,1.228864092,NaN,NaN,0,,,,
116,E20,FALSE,301,PPMoV,UNKNOWN,CY5,NFQ-MGB,No Amp,0,24.1927198,NaN,0,,,,
116,E20,FALSE,301,N Gene,UNKNOWN,FAM,NFQ-MGB,No Amp,0,34.44313181,NaN,0,,,,
116,E20,FALSE,301,IAC,UNKNOWN,VIC/HEX,NFQ-MGB,No Amp,0,29.70495748,NaN,0,,,,
117,E21,FALSE,315,PPMoV,UNKNOWN,CY5,NFQ-MGB,No Amp,0,24.68461325,NaN,0,,,,
117,E21,FALSE,315,N Gene,UNKNOWN,FAM,NFQ-MGB,No Amp,0,28.90449987,NaN,0,,,,
117,E21,FALSE,315,IAC,UNKNOWN,VIC/HEX,NFQ-MGB,No Amp,0,27.25038473,NaN,0,,,,
118,E22,FALSE,331,PPMoV,UNKNOWN,CY5,NFQ-MGB,No Amp,0,NaN,NaN,0,,,,
118,E22,FALSE,331,N Gene,UNKNOWN,FAM,NFQ-MGB,No Amp,0,NaN,NaN,0,,,,
118,E22,FALSE,331,IAC,UNKNOWN,VIC/HEX,NFQ-MGB,No Amp,1.554712807,NaN,NaN,0,,,,
119,E23,FALSE,347,PPMoV,UNKNOWN,CY5,NFQ-MGB,No Amp,0,NaN,NaN,0,,,,
119,E23,FALSE,347,N Gene,UNKNOWN,FAM,NFQ-MGB,No Amp,0,NaN,NaN,0,,,,
119,E23,FALSE,347,IAC,UNKNOWN,VIC/HEX,NFQ-MGB,No Amp,0,NaN,NaN,0,,,,
120,E24,FALSE,363,PPMoV,UNKNOWN,CY5,NFQ-MGB,No Amp,0,NaN,NaN,0,,,,
120,E24,FALSE,363,N Gene,UNKNOWN,FAM,NFQ-MGB,No Amp,0,NaN,NaN,0,,,,
120,E24,FALSE,363,IAC,UNKNOWN,VIC/HEX,NFQ-MGB,No Amp,0,NaN,NaN,0,,,,
99,E3,FALSE,33,PPMoV,UNKNOWN,CY5,NFQ-MGB,No Amp,0,NaN,NaN,0,,,,
99,E3,FALSE,33,N Gene,UNKNOWN,FAM,NFQ-MGB,No Amp,0,NaN,NaN,0,,,,
99,E3,FALSE,33,IAC,UNKNOWN,VIC/HEX,NFQ-MGB,No Amp,0,NaN,NaN,0,,,,
100,E4,FALSE,49,PPMoV,UNKNOWN,CY5,NFQ-MGB,No Amp,0,NaN,NaN,0,,,,
100,E4,FALSE,49,N Gene,UNKNOWN,FAM,NFQ-MGB,No Amp,0,NaN,NaN,0,,,,
100,E4,FALSE,49,IAC,UNKNOWN,VIC/HEX,NFQ-MGB,No Amp,0,NaN,NaN,0,,,,
101,E5,FALSE,65,PPMoV,UNKNOWN,CY5,NFQ-MGB,No Amp,0,NaN,NaN,0,,,,
101,E5,FALSE,65,N Gene,UNKNOWN,FAM,NFQ-MGB,No Amp,0,NaN,NaN,0,,,,
101,E5,FALSE,65,IAC,UNKNOWN,VIC/HEX,NFQ-MGB,No Amp,0,NaN,NaN,0,,,,
102,E6,FALSE,81,PPMoV,UNKNOWN,CY5,NFQ-MGB,No Amp,0,NaN,NaN,0,,,,
102,E6,FALSE,81,N Gene,UNKNOWN,FAM,NFQ-MGB,No Amp,0,NaN,NaN,0,,,,
102,E6,FALSE,81,IAC,UNKNOWN,VIC/HEX,NFQ-MGB,No Amp,0,NaN,NaN,0,,,,
103,E7,FALSE,97,PPMoV,UNKNOWN,CY5,NFQ-MGB,No Amp,0,NaN,NaN,0,,,,
103,E7,FALSE,97,N Gene,UNKNOWN,FAM,NFQ-MGB,No Amp,0,NaN,NaN,0,,,,
103,E7,FALSE,97,IAC,UNKNOWN,VIC/HEX,NFQ-MGB,No Amp,0,NaN,NaN,0,,,,
104,E8,FALSE,113,PPMoV,UNKNOWN,CY5,NFQ-MGB,No Amp,0,NaN,NaN,0,,,,
104,E8,FALSE,113,N Gene,UNKNOWN,FAM,NFQ-MGB,No Amp,0,NaN,NaN,0,,,,
104,E8,FALSE,113,IAC,UNKNOWN,VIC/HEX,NFQ-MGB,No Amp,0,NaN,NaN,0,,,,
105,E9,FALSE,127,PPMoV,UNKNOWN,CY5,NFQ-MGB,No Amp,0,NaN,NaN,0,,,,
105,E9,FALSE,127,N Gene,UNKNOWN,FAM,NFQ-MGB,No Amp,0,NaN,NaN,0,,,,
105,E9,FALSE,127,IAC,UNKNOWN,VIC/HEX,NFQ-MGB,No Amp,0,NaN,NaN,0,,,,
121,F1,FALSE,11,PPMoV,UNKNOWN,CY5,NFQ-MGB,No Amp,0,NaN,NaN,0,,,,
121,F1,FALSE,11,N Gene,UNKNOWN,FAM,NFQ-MGB,No Amp,0,NaN,NaN,0,,,,
121,F1,FALSE,11,IAC,UNKNOWN,VIC/HEX,NFQ-MGB,No Amp,0,NaN,NaN,0,,,,
130,F10,FALSE,151,PPMoV,UNKNOWN,CY5,NFQ-MGB,No Amp,0,NaN,NaN,0,,,,
130,F10,FALSE,151,N Gene,UNKNOWN,FAM,NFQ-MGB,No Amp,0,NaN,NaN,0,,,,
130,F10,FALSE,151,IAC,UNKNOWN,VIC/HEX,NFQ-MGB,No Amp,0,NaN,NaN,0,,,,
131,F11,FALSE,167,PPMoV,UNKNOWN,CY5,NFQ-MGB,No Amp,0,NaN,NaN,0,,,,
131,F11,FALSE,167,N Gene,UNKNOWN,FAM,NFQ-MGB,No Amp,0,NaN,NaN,0,,,,
131,F11,FALSE,167,IAC,UNKNOWN,VIC/HEX,NFQ-MGB,No Amp,0,NaN,NaN,0,,,,
132,F12,FALSE,183,PPMoV,UNKNOWN,CY5,NFQ-MGB,No Amp,0,NaN,NaN,0,,,,
132,F12,FALSE,183,N Gene,UNKNOWN,FAM,NFQ-MGB,No Amp,0,NaN,NaN,0,,,,
132,F12,FALSE,183,IAC,UNKNOWN,VIC/HEX,NFQ-MGB,No Amp,0,NaN,NaN,0,,,,
133,F13,FALSE,199,PPMoV,UNKNOWN,CY5,NFQ-MGB,No Amp,0,NaN,NaN,0,,,,
133,F13,FALSE,199,N Gene,UNKNOWN,FAM,NFQ-MGB,No Amp,0,NaN,NaN,0,,,,
133,F13,FALSE,199,IAC,UNKNOWN,VIC/HEX,NFQ-MGB,No Amp,0,NaN,NaN,0,,,,
134,F14,FALSE,213,PPMoV,UNKNOWN,CY5,NFQ-MGB,No Amp,0,NaN,NaN,0,,,,
134,F14,FALSE,213,N Gene,UNKNOWN,FAM,NFQ-MGB,No Amp,0,NaN,NaN,0,,,,
134,F14,FALSE,213,IAC,UNKNOWN,VIC/HEX,NFQ-MGB,No Amp,0,NaN,NaN,0,,,,
135,F15,FALSE,229,PPMoV,UNKNOWN,CY5,NFQ-MGB,No Amp,0,NaN,NaN,0,,,,
135,F15,FALSE,229,N Gene,UNKNOWN,FAM,NFQ-MGB,No Amp,0,NaN,NaN,0,,,,
135,F15,FALSE,229,IAC,UNKNOWN,VIC/HEX,NFQ-MGB,No Amp,0,NaN,NaN,0,,,,
136,F16,FALSE,245,PPMoV,UNKNOWN,CY5,NFQ-MGB,No Amp,1.251818881,NaN,NaN,0,,,,
136,F16,FALSE,245,N Gene,UNKNOWN,FAM,NFQ-MGB,No Amp,0,NaN,NaN,0,,,,
136,F16,FALSE,245,IAC,UNKNOWN,VIC/HEX,NFQ-MGB,No Amp,0,NaN,NaN,0,,,,
137,F17,FALSE,261,PPMoV,UNKNOWN,CY5,NFQ-MGB,No Amp,0,NaN,NaN,0,,,,
137,F17,FALSE,261,N Gene,UNKNOWN,FAM,NFQ-MGB,No Amp,0,NaN,NaN,0,,,,
137,F17,FALSE,261,IAC,UNKNOWN,VIC/HEX,NFQ-MGB,No Amp,0,NaN,NaN,0,,,,
138,F18,FALSE,277,PPMoV,UNKNOWN,CY5,NFQ-MGB,No Amp,0,NaN,NaN,0,,,,
138,F18,FALSE,277,N Gene,UNKNOWN,FAM,NFQ-MGB,No Amp,0,NaN,NaN,0,,,,
138,F18,FALSE,277,IAC,UNKNOWN,VIC/HEX,NFQ-MGB,No Amp,0,NaN,NaN,0,,,,
139,F19,FALSE,293,PPMoV,UNKNOWN,CY5,NFQ-MGB,No Amp,0,NaN,NaN,0,,,,
139,F19,FALSE,293,N Gene,UNKNOWN,FAM,NFQ-MGB,No Amp,0,NaN,NaN,0,,,,
139,F19,FALSE,293,IAC,UNKNOWN,VIC/HEX,NFQ-MGB,No Amp,0,NaN,NaN,0,,,,
122,F2,FALSE,25,PPMoV,UNKNOWN,CY5,NFQ-MGB,No Amp,0,NaN,NaN,0,,,,
122,F2,FALSE,25,N Gene,UNKNOWN,FAM,NFQ-MGB,No Amp,0,NaN,NaN,0,,,,
122,F2,FALSE,25,IAC,UNKNOWN,VIC/HEX,NFQ-MGB,No Amp,0,NaN,NaN,0,,,,
140,F20,FALSE,307,PPMoV,UNKNOWN,CY5,NFQ-MGB,No Amp,0,NaN,NaN,0,,,,
140,F20,FALSE,307,N Gene,UNKNOWN,FAM,NFQ-MGB,No Amp,0,NaN,NaN,0,,,,
140,F20,FALSE,307,IAC,UNKNOWN,VIC/HEX,NFQ-MGB,No Amp,0,NaN,NaN,0,,,,
141,F21,FALSE,323,PPMoV,UNKNOWN,CY5,NFQ-MGB,No Amp,0,NaN,NaN,0,,,,
141,F21,FALSE,323,N Gene,UNKNOWN,FAM,NFQ-MGB,No Amp,0,NaN,NaN,0,,,,
141,F21,FALSE,323,IAC,UNKNOWN,VIC/HEX,NFQ-MGB,No Amp,0,NaN,NaN,0,,,,
142,F22,FALSE,339,PPMoV,UNKNOWN,CY5,NFQ-MGB,No Amp,0,NaN,NaN,0,,,,
142,F22,FALSE,339,N Gene,UNKNOWN,FAM,NFQ-MGB,No Amp,0,NaN,NaN,0,,,,
142,F22,FALSE,339,IAC,UNKNOWN,VIC/HEX,NFQ-MGB,No Amp,0,NaN,NaN,0,,,,
143,F23,FALSE,355,PPMoV,UNKNOWN,CY5,NFQ-MGB,No Amp,0,NaN,NaN,0,,,,
143,F23,FALSE,355,N Gene,UNKNOWN,FAM,NFQ-MGB,No Amp,0,NaN,NaN,0,,,,
143,F23,FALSE,355,IAC,UNKNOWN,VIC/HEX,NFQ-MGB,No Amp,0,NaN,NaN,0,,,,
144,F24,FALSE,371,PPMoV,UNKNOWN,CY5,NFQ-MGB,No Amp,0,NaN,NaN,0,,,,
144,F24,FALSE,371,N Gene,UNKNOWN,FAM,NFQ-MGB,No Amp,0,NaN,NaN,0,,,,
144,F24,FALSE,371,IAC,UNKNOWN,VIC/HEX,NFQ-MGB,No Amp,0,NaN,NaN,0,,,,
123,F3,FALSE,41,PPMoV,UNKNOWN,CY5,NFQ-MGB,No Amp,0,NaN,NaN,0,,,,
123,F3,FALSE,41,N Gene,UNKNOWN,FAM,NFQ-MGB,No Amp,0,NaN,NaN,0,,,,
123,F3,FALSE,41,IAC,UNKNOWN,VIC/HEX,NFQ-MGB,No Amp,0,NaN,NaN,0,,,,
124,F4,FALSE,57,PPMoV,UNKNOWN,CY5,NFQ-MGB,No Amp,0,NaN,NaN,0,,,,
124,F4,FALSE,57,N Gene,UNKNOWN,FAM,NFQ-MGB,No Amp,0,NaN,NaN,0,,,,
124,F4,FALSE,57,IAC,UNKNOWN,VIC/HEX,NFQ-MGB,No Amp,0,NaN,NaN,0,,,,
125,F5,FALSE,73,PPMoV,UNKNOWN,CY5,NFQ-MGB,No Amp,0,NaN,NaN,0,,,,
125,F5,FALSE,73,N Gene,UNKNOWN,FAM,NFQ-MGB,No Amp,0,NaN,NaN,0,,,,
125,F5,FALSE,73,IAC,UNKNOWN,VIC/HEX,NFQ-MGB,No Amp,0,NaN,NaN,0,,,,
126,F6,FALSE,89,PPMoV,UNKNOWN,CY5,NFQ-MGB,No Amp,0,NaN,NaN,0,,,,
126,F6,FALSE,89,N Gene,UNKNOWN,FAM,NFQ-MGB,No Amp,0,NaN,NaN,0,,,,
126,F6,FALSE,89,IAC,UNKNOWN,VIC/HEX,NFQ-MGB,No Amp,0,NaN,NaN,0,,,,
127,F7,FALSE,105,PPMoV,UNKNOWN,CY5,NFQ-MGB,No Amp,0,NaN,NaN,0,,,,
127,F7,FALSE,105,N Gene,UNKNOWN,FAM,NFQ-MGB,No Amp,0,NaN,NaN,0,,,,
127,F7,FALSE,105,IAC,UNKNOWN,VIC/HEX,NFQ-MGB,No Amp,0,NaN,NaN,0,,,,
128,F8,FALSE,119,PPMoV,UNKNOWN,CY5,NFQ-MGB,No Amp,0,NaN,NaN,0,,,,
128,F8,FALSE,119,N Gene,UNKNOWN,FAM,NFQ-MGB,No Amp,0,NaN,NaN,0,,,,
128,F8,FALSE,119,IAC,UNKNOWN,VIC/HEX,NFQ-MGB,No Amp,0,NaN,NaN,0,,,,
129,F9,FALSE,135,PPMoV,UNKNOWN,CY5,NFQ-MGB,No Amp,0,NaN,NaN,0,,,,
129,F9,FALSE,135,N Gene,UNKNOWN,FAM,NFQ-MGB,No Amp,0,NaN,NaN,0,,,,
129,F9,FALSE,135,IAC,UNKNOWN,VIC/HEX,NFQ-MGB,No Amp,0,NaN,NaN,0,,,,
145,G1,FALSE,4,PPMoV,UNKNOWN,CY5,NFQ-MGB,No Amp,0,NaN,NaN,0,,,,
145,G1,FALSE,4,N Gene,UNKNOWN,FAM,NFQ-MGB,No Amp,0,34.30720789,NaN,0,,,,
145,G1,FALSE,4,IAC,UNKNOWN,VIC/HEX,NFQ-MGB,Amp,2.021072631,33.90931394,35.3759613,0.926384684,35.3759613,,,
154,G10,FALSE,144,PPMoV,UNKNOWN,CY5,NFQ-MGB,No Amp,0,NaN,NaN,0,,,,
154,G10,FALSE,144,N Gene,UNKNOWN,FAM,NFQ-MGB,No Amp,0,NaN,NaN,0,,,,
154,G10,FALSE,144,IAC,UNKNOWN,VIC/HEX,NFQ-MGB,No Amp,0,NaN,NaN,0,,,,
155,G11,FALSE,160,PPMoV,UNKNOWN,CY5,NFQ-MGB,No Amp,0,NaN,NaN,0,,,,
155,G11,FALSE,160,N Gene,UNKNOWN,FAM,NFQ-MGB,No Amp,0,NaN,NaN,0,,,,
155,G11,FALSE,160,IAC,UNKNOWN,VIC/HEX,NFQ-MGB,No Amp,0,NaN,NaN,0,,,,
156,G12,FALSE,176,PPMoV,UNKNOWN,CY5,NFQ-MGB,No Amp,0,NaN,NaN,0,,,,
156,G12,FALSE,176,N Gene,UNKNOWN,FAM,NFQ-MGB,No Amp,0,NaN,NaN,0,,,,
156,G12,FALSE,176,IAC,UNKNOWN,VIC/HEX,NFQ-MGB,No Amp,0,NaN,NaN,0,,,,
157,G13,FALSE,192,PPMoV,UNKNOWN,CY5,NFQ-MGB,Amp,2.569314272,NaN,24.67056847,0.988405676,24.67056847,,,
157,G13,FALSE,192,N Gene,UNKNOWN,FAM,NFQ-MGB,Amp,2.628121332,NaN,35.98470306,0.982831531,35.98470306,,,
157,G13,FALSE,192,IAC,UNKNOWN,VIC/HEX,NFQ-MGB,Amp,2.236338694,NaN,35.55644989,0.952326971,35.55644989,,,
158,G14,FALSE,208,PPMoV,UNKNOWN,CY5,NFQ-MGB,Amp,2.608097244,NaN,24.67945671,0.987620396,24.67945671,,,
158,G14,FALSE,208,N Gene,UNKNOWN,FAM,NFQ-MGB,Amp,2.516173747,NaN,33.32394409,0.966315797,33.32394409,,,
158,G14,FALSE,208,IAC,UNKNOWN,VIC/HEX,NFQ-MGB,Inconclusive,1.900986824,NaN,33.24095535,0.815762508,33.24095535,,,
159,G15,FALSE,222,PPMoV,UNKNOWN,CY5,NFQ-MGB,No Amp,0,NaN,NaN,0,,,,
159,G15,FALSE,222,N Gene,UNKNOWN,FAM,NFQ-MGB,No Amp,0,NaN,NaN,0,,,,
159,G15,FALSE,222,IAC,UNKNOWN,VIC/HEX,NFQ-MGB,No Amp,0,NaN,NaN,0,,,,
160,G16,FALSE,238,PPMoV,UNKNOWN,CY5,NFQ-MGB,No Amp,0,NaN,NaN,0,,,,
160,G16,FALSE,238,N Gene,UNKNOWN,FAM,NFQ-MGB,No Amp,0,NaN,NaN,0,,,,
160,G16,FALSE,238,IAC,UNKNOWN,VIC/HEX,NFQ-MGB,No Amp,0,NaN,NaN,0,,,,
161,G17,FALSE,254,PPMoV,UNKNOWN,CY5,NFQ-MGB,No Amp,0,NaN,NaN,0,,,,
161,G17,FALSE,254,N Gene,UNKNOWN,FAM,NFQ-MGB,No Amp,0,NaN,NaN,0,,,,
161,G17,FALSE,254,IAC,UNKNOWN,VIC/HEX,NFQ-MGB,No Amp,0,NaN,NaN,0,,,,
162,G18,FALSE,270,PPMoV,UNKNOWN,CY5,NFQ-MGB,No Amp,0,NaN,NaN,0,,,,
162,G18,FALSE,270,N Gene,UNKNOWN,FAM,NFQ-MGB,No Amp,0,NaN,NaN,0,,,,
162,G18,FALSE,270,IAC,UNKNOWN,VIC/HEX,NFQ-MGB,No Amp,0,NaN,NaN,0,,,,
163,G19,FALSE,286,PPMoV,UNKNOWN,CY5,NFQ-MGB,No Amp,0,NaN,NaN,0,,,,
163,G19,FALSE,286,N Gene,UNKNOWN,FAM,NFQ-MGB,No Amp,0,NaN,NaN,0,,,,
163,G19,FALSE,286,IAC,UNKNOWN,VIC/HEX,NFQ-MGB,No Amp,0,NaN,NaN,0,,,,
146,G2,FALSE,20,PPMoV,UNKNOWN,CY5,NFQ-MGB,No Amp,0,NaN,NaN,0,,,,
146,G2,FALSE,20,N Gene,UNKNOWN,FAM,NFQ-MGB,No Amp,0,NaN,NaN,0,,,,
146,G2,FALSE,20,IAC,UNKNOWN,VIC/HEX,NFQ-MGB,No Amp,0,NaN,NaN,0,,,,
164,G20,FALSE,302,PPMoV,UNKNOWN,CY5,NFQ-MGB,No Amp,0,24.20502048,NaN,0,,,,
164,G20,FALSE,302,N Gene,UNKNOWN,FAM,NFQ-MGB,No Amp,0,33.51217599,NaN,0,,,,
164,G20,FALSE,302,IAC,UNKNOWN,VIC/HEX,NFQ-MGB,No Amp,0,29.41195006,NaN,0,,,,
165,G21,FALSE,316,PPMoV,UNKNOWN,CY5,NFQ-MGB,No Amp,0,24.3314628,NaN,0,,,,
165,G21,FALSE,316,N Gene,UNKNOWN,FAM,NFQ-MGB,No Amp,0,29.74097193,NaN,0,,,,
165,G21,FALSE,316,IAC,UNKNOWN,VIC/HEX,NFQ-MGB,No Amp,0,27.74828448,NaN,0,,,,
166,G22,FALSE,332,PPMoV,UNKNOWN,CY5,NFQ-MGB,No Amp,1.253115065,NaN,NaN,0,,,,
166,G22,FALSE,332,N Gene,UNKNOWN,FAM,NFQ-MGB,No Amp,0,NaN,NaN,0,,,,
166,G22,FALSE,332,IAC,UNKNOWN,VIC/HEX,NFQ-MGB,No Amp,1.611685092,NaN,NaN,0,,,,
167,G23,FALSE,348,PPMoV,UNKNOWN,CY5,NFQ-MGB,No Amp,0,NaN,NaN,0,,,,
167,G23,FALSE,348,N Gene,UNKNOWN,FAM,NFQ-MGB,No Amp,0,NaN,NaN,0,,,,
167,G23,FALSE,348,IAC,UNKNOWN,VIC/HEX,NFQ-MGB,No Amp,0,NaN,NaN,0,,,,
168,G24,FALSE,364,PPMoV,UNKNOWN,CY5,NFQ-MGB,No Amp,0,NaN,NaN,0,,,,
168,G24,FALSE,364,N Gene,UNKNOWN,FAM,NFQ-MGB,No Amp,0,NaN,NaN,0,,,,
168,G24,FALSE,364,IAC,UNKNOWN,VIC/HEX,NFQ-MGB,No Amp,0,NaN,NaN,0,,,,
147,G3,FALSE,34,PPMoV,UNKNOWN,CY5,NFQ-MGB,No Amp,0,NaN,NaN,0,,,,
147,G3,FALSE,34,N Gene,UNKNOWN,FAM,NFQ-MGB,Amp,2.341299308,NaN,36.46601868,0.966746068,36.46601868,,,
147,G3,FALSE,34,IAC,UNKNOWN,VIC/HEX,NFQ-MGB,No Amp,0,NaN,NaN,0,,,,
148,G4,FALSE,50,PPMoV,UNKNOWN,CY5,NFQ-MGB,No Amp,0,NaN,NaN,0,,,,
148,G4,FALSE,50,N Gene,UNKNOWN,FAM,NFQ-MGB,No Amp,0,NaN,NaN,0,,,,
148,G4,FALSE,50,IAC,UNKNOWN,VIC/HEX,NFQ-MGB,No Amp,1.236355375,NaN,NaN,0,,,,
149,G5,FALSE,66,PPMoV,UNKNOWN,CY5,NFQ-MGB,No Amp,0,NaN,NaN,0,,,,
149,G5,FALSE,66,N Gene,UNKNOWN,FAM,NFQ-MGB,No Amp,0,NaN,NaN,0,,,,
149,G5,FALSE,66,IAC,UNKNOWN,VIC/HEX,NFQ-MGB,No Amp,0,NaN,NaN,0,,,,
150,G6,FALSE,82,PPMoV,UNKNOWN,CY5,NFQ-MGB,No Amp,0,NaN,NaN,0,,,,
150,G6,FALSE,82,N Gene,UNKNOWN,FAM,NFQ-MGB,No Amp,0,NaN,NaN,0,,,,
150,G6,FALSE,82,IAC,UNKNOWN,VIC/HEX,NFQ-MGB,No Amp,0,NaN,NaN,0,,,,
151,G7,FALSE,98,PPMoV,UNKNOWN,CY5,NFQ-MGB,No Amp,0,NaN,NaN,0,,,,
151,G7,FALSE,98,N Gene,UNKNOWN,FAM,NFQ-MGB,No Amp,0,NaN,NaN,0,,,,
151,G7,FALSE,98,IAC,UNKNOWN,VIC/HEX,NFQ-MGB,No Amp,0,NaN,NaN,0,,,,
152,G8,FALSE,114,PPMoV,UNKNOWN,CY5,NFQ-MGB,No Amp,0,NaN,NaN,0,,,,
152,G8,FALSE,114,N Gene,UNKNOWN,FAM,NFQ-MGB,No Amp,0,NaN,NaN,0,,,,
152,G8,FALSE,114,IAC,UNKNOWN,VIC/HEX,NFQ-MGB,No Amp,0,NaN,NaN,0,,,,
153,G9,FALSE,128,PPMoV,UNKNOWN,CY5,NFQ-MGB,No Amp,0,NaN,NaN,0,,,,
153,G9,FALSE,128,N Gene,UNKNOWN,FAM,NFQ-MGB,No Amp,0,NaN,NaN,0,,,,
153,G9,FALSE,128,IAC,UNKNOWN,VIC/HEX,NFQ-MGB,No Amp,0,NaN,NaN,0,,,,
169,H1,FALSE,12,PPMoV,UNKNOWN,CY5,NFQ-MGB,No Amp,0,NaN,NaN,0,,,,
169,H1,FALSE,12,N Gene,UNKNOWN,FAM,NFQ-MGB,No Amp,0,35.89654339,NaN,0,,,,
169,H1,FALSE,12,IAC,UNKNOWN,VIC/HEX,NFQ-MGB,No Amp,0,NaN,NaN,0,,,,
178,H10,FALSE,152,PPMoV,UNKNOWN,CY5,NFQ-MGB,No Amp,0,NaN,NaN,0,,,,
178,H10,FALSE,152,N Gene,UNKNOWN,FAM,NFQ-MGB,No Amp,0,32.14528946,NaN,0,,,,
178,H10,FALSE,152,IAC,UNKNOWN,VIC/HEX,NFQ-MGB,No Amp,0,32.49094293,NaN,0,,,,
179,H11,FALSE,168,PPMoV,UNKNOWN,CY5,NFQ-MGB,No Amp,0,NaN,NaN,0,,,,
179,H11,FALSE,168,N Gene,UNKNOWN,FAM,NFQ-MGB,No Amp,0,NaN,NaN,0,,,,
179,H11,FALSE,168,IAC,UNKNOWN,VIC/HEX,NFQ-MGB,No Amp,0,NaN,NaN,0,,,,
180,H12,FALSE,184,PPMoV,UNKNOWN,CY5,NFQ-MGB,No Amp,0,NaN,NaN,0,,,,
180,H12,FALSE,184,N Gene,UNKNOWN,FAM,NFQ-MGB,No Amp,0,NaN,NaN,0,,,,
180,H12,FALSE,184,IAC,UNKNOWN,VIC/HEX,NFQ-MGB,No Amp,0,NaN,NaN,0,,,,
181,H13,FALSE,200,PPMoV,UNKNOWN,CY5,NFQ-MGB,No Amp,0.470257513,NaN,NaN,0,,,,
181,H13,FALSE,200,N Gene,UNKNOWN,FAM,NFQ-MGB,No Amp,0,NaN,NaN,0,,,,
181,H13,FALSE,200,IAC,UNKNOWN,VIC/HEX,NFQ-MGB,No Amp,0,NaN,NaN,0,,,,
182,H14,FALSE,214,PPMoV,UNKNOWN,CY5,NFQ-MGB,No Amp,0,NaN,NaN,0,,,,
182,H14,FALSE,214,N Gene,UNKNOWN,FAM,NFQ-MGB,No Amp,0,NaN,NaN,0,,,,
182,H14,FALSE,214,IAC,UNKNOWN,VIC/HEX,NFQ-MGB,No Amp,0,NaN,NaN,0,,,,
183,H15,FALSE,230,PPMoV,UNKNOWN,CY5,NFQ-MGB,No Amp,0,NaN,NaN,0,,,,
183,H15,FALSE,230,N Gene,UNKNOWN,FAM,NFQ-MGB,No Amp,0,NaN,NaN,0,,,,
183,H15,FALSE,230,IAC,UNKNOWN,VIC/HEX,NFQ-MGB,No Amp,0,NaN,NaN,0,,,,
184,H16,FALSE,246,PPMoV,UNKNOWN,CY5,NFQ-MGB,No Amp,0,NaN,NaN,0,,,,
184,H16,FALSE,246,N Gene,UNKNOWN,FAM,NFQ-MGB,No Amp,0,NaN,NaN,0,,,,
184,H16,FALSE,246,IAC,UNKNOWN,VIC/HEX,NFQ-MGB,No Amp,0,NaN,NaN,0,,,,
185,H17,FALSE,262,PPMoV,UNKNOWN,CY5,NFQ-MGB,No Amp,0,NaN,NaN,0,,,,
185,H17,FALSE,262,N Gene,UNKNOWN,FAM,NFQ-MGB,No Amp,0,NaN,NaN,0,,,,
185,H17,FALSE,262,IAC,UNKNOWN,VIC/HEX,NFQ-MGB,No Amp,0,NaN,NaN,0,,,,
186,H18,FALSE,278,PPMoV,UNKNOWN,CY5,NFQ-MGB,No Amp,0,NaN,NaN,0,,,,
186,H18,FALSE,278,N Gene,UNKNOWN,FAM,NFQ-MGB,No Amp,0,NaN,NaN,0,,,,
186,H18,FALSE,278,IAC,UNKNOWN,VIC/HEX,NFQ-MGB,No Amp,0,NaN,NaN,0,,,,
187,H19,FALSE,294,PPMoV,UNKNOWN,CY5,NFQ-MGB,No Amp,0,NaN,NaN,0,,,,
187,H19,FALSE,294,N Gene,UNKNOWN,FAM,NFQ-MGB,No Amp,0,NaN,NaN,0,,,,
187,H19,FALSE,294,IAC,UNKNOWN,VIC/HEX,NFQ-MGB,No Amp,0,NaN,NaN,0,,,,
170,H2,FALSE,26,PPMoV,UNKNOWN,CY5,NFQ-MGB,No Amp,0.92513281,NaN,NaN,0,,,,
170,H2,FALSE,26,N Gene,UNKNOWN,FAM,NFQ-MGB,Amp,2.51825784,NaN,34.95119476,0.975643368,34.95119476,,,
170,H2,FALSE,26,IAC,UNKNOWN,VIC/HEX,NFQ-MGB,Amp,2.29777093,NaN,34.38764954,0.968866638,34.38764954,,,
188,H20,FALSE,308,PPMoV,UNKNOWN,CY5,NFQ-MGB,No Amp,0,NaN,NaN,0,,,,
188,H20,FALSE,308,N Gene,UNKNOWN,FAM,NFQ-MGB,No Amp,0,NaN,NaN,0,,,,
188,H20,FALSE,308,IAC,UNKNOWN,VIC/HEX,NFQ-MGB,No Amp,0,NaN,NaN,0,,,,
189,H21,FALSE,324,PPMoV,UNKNOWN,CY5,NFQ-MGB,No Amp,0,NaN,NaN,0,,,,
189,H21,FALSE,324,N Gene,UNKNOWN,FAM,NFQ-MGB,No Amp,0,NaN,NaN,0,,,,
189,H21,FALSE,324,IAC,UNKNOWN,VIC/HEX,NFQ-MGB,No Amp,0,NaN,NaN,0,,,,
190,H22,FALSE,340,PPMoV,UNKNOWN,CY5,NFQ-MGB,No Amp,0,NaN,NaN,0,,,,
190,H22,FALSE,340,N Gene,UNKNOWN,FAM,NFQ-MGB,No Amp,0,NaN,NaN,0,,,,
190,H22,FALSE,340,IAC,UNKNOWN,VIC/HEX,NFQ-MGB,No Amp,0,NaN,NaN,0,,,,
191,H23,FALSE,356,PPMoV,UNKNOWN,CY5,NFQ-MGB,No Amp,0,NaN,NaN,0,,,,
191,H23,FALSE,356,N Gene,UNKNOWN,FAM,NFQ-MGB,No Amp,0,NaN,NaN,0,,,,
191,H23,FALSE,356,IAC,UNKNOWN,VIC/HEX,NFQ-MGB,No Amp,0,NaN,NaN,0,,,,
192,H24,FALSE,372,PPMoV,UNKNOWN,CY5,NFQ-MGB,No Amp,1.315877652,NaN,NaN,0,,,,
192,H24,FALSE,372,N Gene,UNKNOWN,FAM,NFQ-MGB,No Amp,0,NaN,NaN,0,,,,
192,H24,FALSE,372,IAC,UNKNOWN,VIC/HEX,NFQ-MGB,No Amp,0,NaN,NaN,0,,,,
171,H3,FALSE,42,PPMoV,UNKNOWN,CY5,NFQ-MGB,No Amp,0,NaN,NaN,0,,,,
171,H3,FALSE,42,N Gene,UNKNOWN,FAM,NFQ-MGB,No Amp,0,NaN,NaN,0,,,,
171,H3,FALSE,42,IAC,UNKNOWN,VIC/HEX,NFQ-MGB,No Amp,0,NaN,NaN,0,,,,
172,H4,FALSE,58,PPMoV,UNKNOWN,CY5,NFQ-MGB,No Amp,0,NaN,NaN,0,,,,
172,H4,FALSE,58,N Gene,UNKNOWN,FAM,NFQ-MGB,No Amp,0,NaN,NaN,0,,,,
172,H4,FALSE,58,IAC,UNKNOWN,VIC/HEX,NFQ-MGB,No Amp,0,NaN,NaN,0,,,,
173,H5,FALSE,74,PPMoV,UNKNOWN,CY5,NFQ-MGB,No Amp,0,NaN,NaN,0,,,,
173,H5,FALSE,74,N Gene,UNKNOWN,FAM,NFQ-MGB,No Amp,0,NaN,NaN,0,,,,
173,H5,FALSE,74,IAC,UNKNOWN,VIC/HEX,NFQ-MGB,No Amp,0,NaN,NaN,0,,,,
174,H6,FALSE,90,PPMoV,UNKNOWN,CY5,NFQ-MGB,No Amp,0,NaN,NaN,0,,,,
174,H6,FALSE,90,N Gene,UNKNOWN,FAM,NFQ-MGB,No Amp,0,NaN,NaN,0,,,,
174,H6,FALSE,90,IAC,UNKNOWN,VIC/HEX,NFQ-MGB,No Amp,0,NaN,NaN,0,,,,
175,H7,FALSE,106,PPMoV,UNKNOWN,CY5,NFQ-MGB,No Amp,0,NaN,NaN,0,,,,
175,H7,FALSE,106,N Gene,UNKNOWN,FAM,NFQ-MGB,No Amp,0,NaN,NaN,0,,,,
175,H7,FALSE,106,IAC,UNKNOWN,VIC/HEX,NFQ-MGB,No Amp,0,NaN,NaN,0,,,,
176,H8,FALSE,120,PPMoV,UNKNOWN,CY5,NFQ-MGB,No Amp,0,NaN,NaN,0,,,,
176,H8,FALSE,120,N Gene,UNKNOWN,FAM,NFQ-MGB,No Amp,0,NaN,NaN,0,,,,
176,H8,FALSE,120,IAC,UNKNOWN,VIC/HEX,NFQ-MGB,No Amp,0,NaN,NaN,0,,,,
177,H9,FALSE,136,PPMoV,UNKNOWN,CY5,NFQ-MGB,No Amp,0,NaN,NaN,0,,,,
177,H9,FALSE,136,N Gene,UNKNOWN,FAM,NFQ-MGB,No Amp,0,NaN,NaN,0,,,,
177,H9,FALSE,136,IAC,UNKNOWN,VIC/HEX,NFQ-MGB,No Amp,0,NaN,NaN,0,,,,
193,I1,FALSE,5,PPMoV,UNKNOWN,CY5,NFQ-MGB,No Amp,0,NaN,NaN,0,,,,
193,I1,FALSE,5,N Gene,UNKNOWN,FAM,NFQ-MGB,No Amp,0,NaN,NaN,0,,,,
193,I1,FALSE,5,IAC,UNKNOWN,VIC/HEX,NFQ-MGB,No Amp,0,NaN,NaN,0,,,,
202,I10,FALSE,145,PPMoV,UNKNOWN,CY5,NFQ-MGB,No Amp,0,NaN,NaN,0,,,,
202,I10,FALSE,145,N Gene,UNKNOWN,FAM,NFQ-MGB,No Amp,0,32.38306553,NaN,0,,,,
202,I10,FALSE,145,IAC,UNKNOWN,VIC/HEX,NFQ-MGB,No Amp,0,31.96389476,NaN,0,,,,
203,I11,FALSE,161,PPMoV,UNKNOWN,CY5,NFQ-MGB,No Amp,0,NaN,NaN,0,,,,
203,I11,FALSE,161,N Gene,UNKNOWN,FAM,NFQ-MGB,No Amp,0,NaN,NaN,0,,,,
203,I11,FALSE,161,IAC,UNKNOWN,VIC/HEX,NFQ-MGB,No Amp,0,NaN,NaN,0,,,,
204,I12,FALSE,177,PPMoV,UNKNOWN,CY5,NFQ-MGB,No Amp,0,NaN,NaN,0,,,,
204,I12,FALSE,177,N Gene,UNKNOWN,FAM,NFQ-MGB,No Amp,0,34.01782527,NaN,0,,,,
204,I12,FALSE,177,IAC,UNKNOWN,VIC/HEX,NFQ-MGB,No Amp,0,NaN,NaN,0,,,,
205,I13,FALSE,193,PPMoV,UNKNOWN,CY5,NFQ-MGB,Amp,2.536973073,NaN,24.76777458,0.988667738,24.76777458,,,
205,I13,FALSE,193,N Gene,UNKNOWN,FAM,NFQ-MGB,Amp,2.558515697,NaN,34.14610291,0.977782107,34.14610291,,,
205,I13,FALSE,193,IAC,UNKNOWN,VIC/HEX,NFQ-MGB,Amp,2.401118415,NaN,30.79836082,0.982003626,30.79836082,,,
206,I14,FALSE,209,PPMoV,UNKNOWN,CY5,NFQ-MGB,Amp,2.555995664,NaN,24.92574692,0.991125898,24.92574692,,,
206,I14,FALSE,209,N Gene,UNKNOWN,FAM,NFQ-MGB,Amp,2.403566382,NaN,32.79278946,0.967935128,32.79278946,,,
206,I14,FALSE,209,IAC,UNKNOWN,VIC/HEX,NFQ-MGB,Amp,2.081195029,NaN,30.81957817,0.8960547,30.81957817,,,
207,I15,FALSE,223,PPMoV,UNKNOWN,CY5,NFQ-MGB,No Amp,0,NaN,NaN,0,,,,
207,I15,FALSE,223,N Gene,UNKNOWN,FAM,NFQ-MGB,No Amp,0,NaN,NaN,0,,,,
207,I15,FALSE,223,IAC,UNKNOWN,VIC/HEX,NFQ-MGB,No Amp,0,NaN,NaN,0,,,,
208,I16,FALSE,239,PPMoV,UNKNOWN,CY5,NFQ-MGB,No Amp,0,NaN,NaN,0,,,,
208,I16,FALSE,239,N Gene,UNKNOWN,FAM,NFQ-MGB,No Amp,0,NaN,NaN,0,,,,
208,I16,FALSE,239,IAC,UNKNOWN,VIC/HEX,NFQ-MGB,No Amp,0,NaN,NaN,0,,,,
209,I17,FALSE,255,PPMoV,UNKNOWN,CY5,NFQ-MGB,No Amp,0,NaN,NaN,0,,,,
209,I17,FALSE,255,N Gene,UNKNOWN,FAM,NFQ-MGB,No Amp,0,NaN,NaN,0,,,,
209,I17,FALSE,255,IAC,UNKNOWN,VIC/HEX,NFQ-MGB,No Amp,0,NaN,NaN,0,,,,
210,I18,FALSE,271,PPMoV,UNKNOWN,CY5,NFQ-MGB,No Amp,0,NaN,NaN,0,,,,
210,I18,FALSE,271,N Gene,UNKNOWN,FAM,NFQ-MGB,No Amp,0,NaN,NaN,0,,,,
210,I18,FALSE,271,IAC,UNKNOWN,VIC/HEX,NFQ-MGB,No Amp,0,NaN,NaN,0,,,,
211,I19,FALSE,287,PPMoV,UNKNOWN,CY5,NFQ-MGB,No Amp,0,NaN,NaN,0,,,,
211,I19,FALSE,287,N Gene,UNKNOWN,FAM,NFQ-MGB,No Amp,0,NaN,NaN,0,,,,
211,I19,FALSE,287,IAC,UNKNOWN,VIC/HEX,NFQ-MGB,No Amp,0,NaN,NaN,0,,,,
194,I2,FALSE,21,PPMoV,UNKNOWN,CY5,NFQ-MGB,No Amp,1.084309732,NaN,NaN,0,,,,
194,I2,FALSE,21,N Gene,UNKNOWN,FAM,NFQ-MGB,Amp,2.499698108,NaN,34.33734512,0.972847153,34.33734512,,,
194,I2,FALSE,21,IAC,UNKNOWN,VIC/HEX,NFQ-MGB,Amp,2.303301197,NaN,34.06018829,0.967743421,34.06018829,,,
212,I20,FALSE,303,PPMoV,UNKNOWN,CY5,NFQ-MGB,No Amp,0,24.76887504,NaN,0,,,,
212,I20,FALSE,303,N Gene,UNKNOWN,FAM,NFQ-MGB,No Amp,0,32.83718696,NaN,0,,,,
212,I20,FALSE,303,IAC,UNKNOWN,VIC/HEX,NFQ-MGB,No Amp,0,29.72843305,NaN,0,,,,
213,I21,FALSE,317,PPMoV,UNKNOWN,CY5,NFQ-MGB,No Amp,0,25.06765917,NaN,0,,,,
213,I21,FALSE,317,N Gene,UNKNOWN,FAM,NFQ-MGB,No Amp,0,28.63886064,NaN,0,,,,
213,I21,FALSE,317,IAC,UNKNOWN,VIC/HEX,NFQ-MGB,No Amp,0,27.26869403,NaN,0,,,,
214,I22,FALSE,333,PPMoV,UNKNOWN,CY5,NFQ-MGB,No Amp,1.252490149,NaN,NaN,0,,,,
214,I22,FALSE,333,N Gene,UNKNOWN,FAM,NFQ-MGB,No Amp,0,NaN,NaN,0,,,,
214,I22,FALSE,333,IAC,UNKNOWN,VIC/HEX,NFQ-MGB,No Amp,1.339422728,NaN,NaN,0,,,,
215,I23,FALSE,349,PPMoV,UNKNOWN,CY5,NFQ-MGB,No Amp,0,NaN,NaN,0,,,,
215,I23,FALSE,349,N Gene,UNKNOWN,FAM,NFQ-MGB,No Amp,0,NaN,NaN,0,,,,
215,I23,FALSE,349,IAC,UNKNOWN,VIC/HEX,NFQ-MGB,No Amp,0,NaN,NaN,0,,,,
216,I24,FALSE,365,PPMoV,UNKNOWN,CY5,NFQ-MGB,No Amp,0,NaN,NaN,0,,,,
216,I24,FALSE,365,N Gene,UNKNOWN,FAM,NFQ-MGB,No Amp,0,NaN,NaN,0,,,,
216,I24,FALSE,365,IAC,UNKNOWN,VIC/HEX,NFQ-MGB,No Amp,0,NaN,NaN,0,,,,
195,I3,FALSE,35,PPMoV,UNKNOWN,CY5,NFQ-MGB,No Amp,0,NaN,NaN,0,,,,
195,I3,FALSE,35,N Gene,UNKNOWN,FAM,NFQ-MGB,No Amp,0,NaN,NaN,0,,,,
195,I3,FALSE,35,IAC,UNKNOWN,VIC/HEX,NFQ-MGB,No Amp,0,NaN,NaN,0,,,,
196,I4,FALSE,51,PPMoV,UNKNOWN,CY5,NFQ-MGB,No Amp,0,NaN,NaN,0,,,,
196,I4,FALSE,51,N Gene,UNKNOWN,FAM,NFQ-MGB,No Amp,0,NaN,NaN,0,,,,
196,I4,FALSE,51,IAC,UNKNOWN,VIC/HEX,NFQ-MGB,Amp,2.130059602,NaN,36.32932281,0.941547227,36.32932281,,,
197,I5,FALSE,67,PPMoV,UNKNOWN,CY5,NFQ-MGB,No Amp,0,NaN,NaN,0,,,,
197,I5,FALSE,67,N Gene,UNKNOWN,FAM,NFQ-MGB,No Amp,0,NaN,NaN,0,,,,
197,I5,FALSE,67,IAC,UNKNOWN,VIC/HEX,NFQ-MGB,No Amp,0,NaN,NaN,0,,,,
198,I6,FALSE,83,PPMoV,UNKNOWN,CY5,NFQ-MGB,No Amp,0,NaN,NaN,0,,,,
198,I6,FALSE,83,N Gene,UNKNOWN,FAM,NFQ-MGB,No Amp,0,NaN,NaN,0,,,,
198,I6,FALSE,83,IAC,UNKNOWN,VIC/HEX,NFQ-MGB,No Amp,0,NaN,NaN,0,,,,
199,I7,FALSE,99,PPMoV,UNKNOWN,CY5,NFQ-MGB,No Amp,0,NaN,NaN,0,,,,
199,I7,FALSE,99,N Gene,UNKNOWN,FAM,NFQ-MGB,No Amp,0,NaN,NaN,0,,,,
199,I7,FALSE,99,IAC,UNKNOWN,VIC/HEX,NFQ-MGB,No Amp,0,NaN,NaN,0,,,,
200,I8,FALSE,115,PPMoV,UNKNOWN,CY5,NFQ-MGB,No Amp,0,NaN,NaN,0,,,,
200,I8,FALSE,115,N Gene,UNKNOWN,FAM,NFQ-MGB,No Amp,0,NaN,NaN,0,,,,
200,I8,FALSE,115,IAC,UNKNOWN,VIC/HEX,NFQ-MGB,No Amp,0,NaN,NaN,0,,,,
201,I9,FALSE,129,PPMoV,UNKNOWN,CY5,NFQ-MGB,No Amp,0,NaN,NaN,0,,,,
201,I9,FALSE,129,N Gene,UNKNOWN,FAM,NFQ-MGB,No Amp,0,NaN,NaN,0,,,,
201,I9,FALSE,129,IAC,UNKNOWN,VIC/HEX,NFQ-MGB,No Amp,0,NaN,NaN,0,,,,
217,J1,FALSE,13,PPMoV,UNKNOWN,CY5,NFQ-MGB,No Amp,0,NaN,NaN,0,,,,
217,J1,FALSE,13,N Gene,UNKNOWN,FAM,NFQ-MGB,No Amp,0,NaN,NaN,0,,,,
217,J1,FALSE,13,IAC,UNKNOWN,VIC/HEX,NFQ-MGB,No Amp,0,NaN,NaN,0,,,,
226,J10,FALSE,153,PPMoV,UNKNOWN,CY5,NFQ-MGB,No Amp,0,NaN,NaN,0,,,,
226,J10,FALSE,153,N Gene,UNKNOWN,FAM,NFQ-MGB,No Amp,0,NaN,NaN,0,,,,
226,J10,FALSE,153,IAC,UNKNOWN,VIC/HEX,NFQ-MGB,No Amp,0,NaN,NaN,0,,,,
227,J11,FALSE,169,PPMoV,UNKNOWN,CY5,NFQ-MGB,No Amp,0,NaN,NaN,0,,,,
227,J11,FALSE,169,N Gene,UNKNOWN,FAM,NFQ-MGB,No Amp,0,NaN,NaN,0,,,,
227,J11,FALSE,169,IAC,UNKNOWN,VIC/HEX,NFQ-MGB,No Amp,0,NaN,NaN,0,,,,
228,J12,FALSE,185,PPMoV,UNKNOWN,CY5,NFQ-MGB,No Amp,1.293454216,NaN,NaN,0,,,,
228,J12,FALSE,185,N Gene,UNKNOWN,FAM,NFQ-MGB,No Amp,0,NaN,NaN,0,,,,
228,J12,FALSE,185,IAC,UNKNOWN,VIC/HEX,NFQ-MGB,No Amp,0,NaN,NaN,0,,,,
229,J13,FALSE,201,PPMoV,UNKNOWN,CY5,NFQ-MGB,No Amp,0,NaN,NaN,0,,,,
229,J13,FALSE,201,N Gene,UNKNOWN,FAM,NFQ-MGB,No Amp,1.601033595,NaN,NaN,0,,,,
229,J13,FALSE,201,IAC,UNKNOWN,VIC/HEX,NFQ-MGB,No Amp,0,NaN,NaN,0,,,,
230,J14,FALSE,215,PPMoV,UNKNOWN,CY5,NFQ-MGB,No Amp,0,NaN,NaN,0,,,,
230,J14,FALSE,215,N Gene,UNKNOWN,FAM,NFQ-MGB,No Amp,0,NaN,NaN,0,,,,
230,J14,FALSE,215,IAC,UNKNOWN,VIC/HEX,NFQ-MGB,No Amp,0,NaN,NaN,0,,,,
231,J15,FALSE,231,PPMoV,UNKNOWN,CY5,NFQ-MGB,No Amp,0,NaN,NaN,0,,,,
231,J15,FALSE,231,N Gene,UNKNOWN,FAM,NFQ-MGB,No Amp,0,NaN,NaN,0,,,,
231,J15,FALSE,231,IAC,UNKNOWN,VIC/HEX,NFQ-MGB,No Amp,0,NaN,NaN,0,,,,
232,J16,FALSE,247,PPMoV,UNKNOWN,CY5,NFQ-MGB,No Amp,0,NaN,NaN,0,,,,
232,J16,FALSE,247,N Gene,UNKNOWN,FAM,NFQ-MGB,No Amp,0,NaN,NaN,0,,,,
232,J16,FALSE,247,IAC,UNKNOWN,VIC/HEX,NFQ-MGB,No Amp,0,NaN,NaN,0,,,,
233,J17,FALSE,263,PPMoV,UNKNOWN,CY5,NFQ-MGB,No Amp,0,NaN,NaN,0,,,,
233,J17,FALSE,263,N Gene,UNKNOWN,FAM,NFQ-MGB,No Amp,0,NaN,NaN,0,,,,
233,J17,FALSE,263,IAC,UNKNOWN,VIC/HEX,NFQ-MGB,No Amp,0,NaN,NaN,0,,,,
234,J18,FALSE,279,PPMoV,UNKNOWN,CY5,NFQ-MGB,No Amp,0,NaN,NaN,0,,,,
234,J18,FALSE,279,N Gene,UNKNOWN,FAM,NFQ-MGB,No Amp,0,NaN,NaN,0,,,,
234,J18,FALSE,279,IAC,UNKNOWN,VIC/HEX,NFQ-MGB,No Amp,0,NaN,NaN,0,,,,
235,J19,FALSE,295,PPMoV,UNKNOWN,CY5,NFQ-MGB,No Amp,0,NaN,NaN,0,,,,
235,J19,FALSE,295,N Gene,UNKNOWN,FAM,NFQ-MGB,No Amp,0,NaN,NaN,0,,,,
235,J19,FALSE,295,IAC,UNKNOWN,VIC/HEX,NFQ-MGB,No Amp,0,NaN,NaN,0,,,,
218,J2,FALSE,27,PPMoV,UNKNOWN,CY5,NFQ-MGB,No Amp,0,NaN,NaN,0,,,,
218,J2,FALSE,27,N Gene,UNKNOWN,FAM,NFQ-MGB,No Amp,0,NaN,NaN,0,,,,
218,J2,FALSE,27,IAC,UNKNOWN,VIC/HEX,NFQ-MGB,No Amp,0,NaN,NaN,0,,,,
236,J20,FALSE,309,PPMoV,UNKNOWN,CY5,NFQ-MGB,No Amp,0,NaN,NaN,0,,,,
236,J20,FALSE,309,N Gene,UNKNOWN,FAM,NFQ-MGB,No Amp,0,NaN,NaN,0,,,,
236,J20,FALSE,309,IAC,UNKNOWN,VIC/HEX,NFQ-MGB,No Amp,0,NaN,NaN,0,,,,
237,J21,FALSE,325,PPMoV,UNKNOWN,CY5,NFQ-MGB,No Amp,0,NaN,NaN,0,,,,
237,J21,FALSE,325,N Gene,UNKNOWN,FAM,NFQ-MGB,No Amp,0,NaN,NaN,0,,,,
237,J21,FALSE,325,IAC,UNKNOWN,VIC/HEX,NFQ-MGB,No Amp,0,NaN,NaN,0,,,,
238,J22,FALSE,341,PPMoV,UNKNOWN,CY5,NFQ-MGB,No Amp,0,NaN,NaN,0,,,,
238,J22,FALSE,341,N Gene,UNKNOWN,FAM,NFQ-MGB,No Amp,0,NaN,NaN,0,,,,
238,J22,FALSE,341,IAC,UNKNOWN,VIC/HEX,NFQ-MGB,No Amp,0,NaN,NaN,0,,,,
239,J23,FALSE,357,PPMoV,UNKNOWN,CY5,NFQ-MGB,No Amp,0,NaN,NaN,0,,,,
239,J23,FALSE,357,N Gene,UNKNOWN,FAM,NFQ-MGB,No Amp,0,NaN,NaN,0,,,,
239,J23,FALSE,357,IAC,UNKNOWN,VIC/HEX,NFQ-MGB,No Amp,0,NaN,NaN,0,,,,
240,J24,FALSE,373,PPMoV,UNKNOWN,CY5,NFQ-MGB,No Amp,1.399616538,NaN,NaN,0,,,,
240,J24,FALSE,373,N Gene,UNKNOWN,FAM,NFQ-MGB,No Amp,0,NaN,NaN,0,,,,
240,J24,FALSE,373,IAC,UNKNOWN,VIC/HEX,NFQ-MGB,No Amp,0,NaN,NaN,0,,,,
219,J3,FALSE,43,PPMoV,UNKNOWN,CY5,NFQ-MGB,No Amp,0,NaN,NaN,0,,,,
219,J3,FALSE,43,N Gene,UNKNOWN,FAM,NFQ-MGB,No Amp,0,NaN,NaN,0,,,,
219,J3,FALSE,43,IAC,UNKNOWN,VIC/HEX,NFQ-MGB,No Amp,0,NaN,NaN,0,,,,
220,J4,FALSE,59,PPMoV,UNKNOWN,CY5,NFQ-MGB,No Amp,0,NaN,NaN,0,,,,
220,J4,FALSE,59,N Gene,UNKNOWN,FAM,NFQ-MGB,No Amp,0,NaN,NaN,0,,,,
220,J4,FALSE,59,IAC,UNKNOWN,VIC/HEX,NFQ-MGB,No Amp,0,NaN,NaN,0,,,,
221,J5,FALSE,75,PPMoV,UNKNOWN,CY5,NFQ-MGB,No Amp,0,NaN,NaN,0,,,,
221,J5,FALSE,75,N Gene,UNKNOWN,FAM,NFQ-MGB,No Amp,1.603422948,NaN,NaN,0,,,,
221,J5,FALSE,75,IAC,UNKNOWN,VIC/HEX,NFQ-MGB,No Amp,0,NaN,NaN,0,,,,
222,J6,FALSE,91,PPMoV,UNKNOWN,CY5,NFQ-MGB,No Amp,0,NaN,NaN,0,,,,
222,J6,FALSE,91,N Gene,UNKNOWN,FAM,NFQ-MGB,No Amp,0,NaN,NaN,0,,,,
222,J6,FALSE,91,IAC,UNKNOWN,VIC/HEX,NFQ-MGB,No Amp,0,NaN,NaN,0,,,,
223,J7,FALSE,107,PPMoV,UNKNOWN,CY5,NFQ-MGB,No Amp,0,NaN,NaN,0,,,,
223,J7,FALSE,107,N Gene,UNKNOWN,FAM,NFQ-MGB,No Amp,0,NaN,NaN,0,,,,
223,J7,FALSE,107,IAC,UNKNOWN,VIC/HEX,NFQ-MGB,No Amp,0,NaN,NaN,0,,,,
224,J8,FALSE,121,PPMoV,UNKNOWN,CY5,NFQ-MGB,No Amp,0,NaN,NaN,0,,,,
224,J8,FALSE,121,N Gene,UNKNOWN,FAM,NFQ-MGB,No Amp,0,NaN,NaN,0,,,,
224,J8,FALSE,121,IAC,UNKNOWN,VIC/HEX,NFQ-MGB,No Amp,0,NaN,NaN,0,,,,
225,J9,FALSE,137,PPMoV,UNKNOWN,CY5,NFQ-MGB,No Amp,0,NaN,NaN,0,,,,
225,J9,FALSE,137,N Gene,UNKNOWN,FAM,NFQ-MGB,No Amp,0,NaN,NaN,0,,,,
225,J9,FALSE,137,IAC,UNKNOWN,VIC/HEX,NFQ-MGB,No Amp,0,NaN,NaN,0,,,,
241,K1,FALSE,6,PPMoV,UNKNOWN,CY5,NFQ-MGB,No Amp,0,NaN,NaN,0,,,,
241,K1,FALSE,6,N Gene,UNKNOWN,FAM,NFQ-MGB,No Amp,0,34.65352597,NaN,0,,,,
241,K1,FALSE,6,IAC,UNKNOWN,VIC/HEX,NFQ-MGB,No Amp,0,NaN,NaN,0,,,,
250,K10,FALSE,146,PPMoV,UNKNOWN,CY5,NFQ-MGB,No Amp,0,NaN,NaN,0,,,,
250,K10,FALSE,146,N Gene,UNKNOWN,FAM,NFQ-MGB,No Amp,0,31.12503156,NaN,0,,,,
250,K10,FALSE,146,IAC,UNKNOWN,VIC/HEX,NFQ-MGB,No Amp,0,30.78732591,NaN,0,,,,
251,K11,FALSE,162,PPMoV,UNKNOWN,CY5,NFQ-MGB,No Amp,0,NaN,NaN,0,,,,
251,K11,FALSE,162,N Gene,UNKNOWN,FAM,NFQ-MGB,No Amp,0,34.78395857,NaN,0,,,,
251,K11,FALSE,162,IAC,UNKNOWN,VIC/HEX,NFQ-MGB,No Amp,0,34.69505595,NaN,0,,,,
252,K12,FALSE,178,PPMoV,UNKNOWN,CY5,NFQ-MGB,No Amp,0,NaN,NaN,0,,,,
252,K12,FALSE,178,N Gene,UNKNOWN,FAM,NFQ-MGB,No Amp,0,NaN,NaN,0,,,,
252,K12,FALSE,178,IAC,UNKNOWN,VIC/HEX,NFQ-MGB,No Amp,0,NaN,NaN,0,,,,
253,K13,FALSE,194,PPMoV,UNKNOWN,CY5,NFQ-MGB,Amp,2.566342399,NaN,25.13900566,0.981282623,25.13900566,,,
253,K13,FALSE,194,N Gene,UNKNOWN,FAM,NFQ-MGB,Amp,2.640054114,NaN,35.0039444,0.978333588,35.0039444,,,
253,K13,FALSE,194,IAC,UNKNOWN,VIC/HEX,NFQ-MGB,Amp,2.413184716,NaN,31.3829937,0.982726332,31.3829937,,,
254,K14,FALSE,210,PPMoV,UNKNOWN,CY5,NFQ-MGB,Amp,2.597566541,NaN,24.80154228,0.990718768,24.80154228,,,
254,K14,FALSE,210,N Gene,UNKNOWN,FAM,NFQ-MGB,Amp,2.496073364,NaN,33.43305206,0.969859164,33.43305206,,,
254,K14,FALSE,210,IAC,UNKNOWN,VIC/HEX,NFQ-MGB,No Amp,0,NaN,NaN,0,,,,
255,K15,FALSE,224,PPMoV,UNKNOWN,CY5,NFQ-MGB,No Amp,0,NaN,NaN,0,,,,
255,K15,FALSE,224,N Gene,UNKNOWN,FAM,NFQ-MGB,No Amp,0,NaN,NaN,0,,,,
255,K15,FALSE,224,IAC,UNKNOWN,VIC/HEX,NFQ-MGB,No Amp,0,NaN,NaN,0,,,,
256,K16,FALSE,240,PPMoV,UNKNOWN,CY5,NFQ-MGB,No Amp,0,NaN,NaN,0,,,,
256,K16,FALSE,240,N Gene,UNKNOWN,FAM,NFQ-MGB,No Amp,0,NaN,NaN,0,,,,
256,K16,FALSE,240,IAC,UNKNOWN,VIC/HEX,NFQ-MGB,No Amp,0,NaN,NaN,0,,,,
257,K17,FALSE,256,PPMoV,UNKNOWN,CY5,NFQ-MGB,No Amp,0,NaN,NaN,0,,,,
257,K17,FALSE,256,N Gene,UNKNOWN,FAM,NFQ-MGB,No Amp,0,NaN,NaN,0,,,,
257,K17,FALSE,256,IAC,UNKNOWN,VIC/HEX,NFQ-MGB,No Amp,0,NaN,NaN,0,,,,
258,K18,FALSE,272,PPMoV,UNKNOWN,CY5,NFQ-MGB,No Amp,0,NaN,NaN,0,,,,
258,K18,FALSE,272,N Gene,UNKNOWN,FAM,NFQ-MGB,No Amp,0,NaN,NaN,0,,,,
258,K18,FALSE,272,IAC,UNKNOWN,VIC/HEX,NFQ-MGB,No Amp,0,NaN,NaN,0,,,,
259,K19,FALSE,288,PPMoV,UNKNOWN,CY5,NFQ-MGB,No Amp,0,NaN,NaN,0,,,,
259,K19,FALSE,288,N Gene,UNKNOWN,FAM,NFQ-MGB,No Amp,0,NaN,NaN,0,,,,
259,K19,FALSE,288,IAC,UNKNOWN,VIC/HEX,NFQ-MGB,No Amp,0,NaN,NaN,0,,,,
242,K2,FALSE,22,PPMoV,UNKNOWN,CY5,NFQ-MGB,No Amp,0,NaN,NaN,0,,,,
242,K2,FALSE,22,N Gene,UNKNOWN,FAM,NFQ-MGB,Amp,2.489170304,NaN,32.89804077,0.986391641,32.89804077,,,
242,K2,FALSE,22,IAC,UNKNOWN,VIC/HEX,NFQ-MGB,Amp,2.26215827,NaN,32.24913406,0.968761206,32.24913406,,,
260,K20,FALSE,304,PPMoV,UNKNOWN,CY5,NFQ-MGB,No Amp,0,24.57828162,NaN,0,,,,
260,K20,FALSE,304,N Gene,UNKNOWN,FAM,NFQ-MGB,No Amp,0,32.65693297,NaN,0,,,,
260,K20,FALSE,304,IAC,UNKNOWN,VIC/HEX,NFQ-MGB,No Amp,0,29.79375554,NaN,0,,,,
261,K21,FALSE,318,PPMoV,UNKNOWN,CY5,NFQ-MGB,No Amp,0,24.93312102,NaN,0,,,,
261,K21,FALSE,318,N Gene,UNKNOWN,FAM,NFQ-MGB,No Amp,0,28.80714523,NaN,0,,,,
261,K21,FALSE,318,IAC,UNKNOWN,VIC/HEX,NFQ-MGB,No Amp,0,27.20327962,NaN,0,,,,
262,K22,FALSE,334,PPMoV,UNKNOWN,CY5,NFQ-MGB,No Amp,0.552488817,NaN,NaN,0,,,,
262,K22,FALSE,334,N Gene,UNKNOWN,FAM,NFQ-MGB,No Amp,0,NaN,NaN,0,,,,
262,K22,FALSE,334,IAC,UNKNOWN,VIC/HEX,NFQ-MGB,No Amp,0,NaN,NaN,0,,,,
263,K23,FALSE,350,PPMoV,UNKNOWN,CY5,NFQ-MGB,No Amp,0,NaN,NaN,0,,,,
263,K23,FALSE,350,N Gene,UNKNOWN,FAM,NFQ-MGB,No Amp,0,NaN,NaN,0,,,,
263,K23,FALSE,350,IAC,UNKNOWN,VIC/HEX,NFQ-MGB,No Amp,0,NaN,NaN,0,,,,
264,K24,FALSE,366,PPMoV,UNKNOWN,CY5,NFQ-MGB,No Amp,0,NaN,NaN,0,,,,
264,K24,FALSE,366,N Gene,UNKNOWN,FAM,NFQ-MGB,No Amp,0,NaN,NaN,0,,,,
264,K24,FALSE,366,IAC,UNKNOWN,VIC/HEX,NFQ-MGB,No Amp,0,NaN,NaN,0,,,,
243,K3,FALSE,36,PPMoV,UNKNOWN,CY5,NFQ-MGB,No Amp,0,NaN,NaN,0,,,,
243,K3,FALSE,36,N Gene,UNKNOWN,FAM,NFQ-MGB,No Amp,0,NaN,NaN,0,,,,
243,K3,FALSE,36,IAC,UNKNOWN,VIC/HEX,NFQ-MGB,Amp,2.187039598,NaN,35.71209335,0.960627491,35.71209335,,,
244,K4,FALSE,52,PPMoV,UNKNOWN,CY5,NFQ-MGB,No Amp,0,NaN,NaN,0,,,,
244,K4,FALSE,52,N Gene,UNKNOWN,FAM,NFQ-MGB,No Amp,0,NaN,NaN,0,,,,
244,K4,FALSE,52,IAC,UNKNOWN,VIC/HEX,NFQ-MGB,No Amp,0.980831027,NaN,NaN,0,,,,
245,K5,FALSE,68,PPMoV,UNKNOWN,CY5,NFQ-MGB,No Amp,0,NaN,NaN,0,,,,
245,K5,FALSE,68,N Gene,UNKNOWN,FAM,NFQ-MGB,No Amp,0,NaN,NaN,0,,,,
245,K5,FALSE,68,IAC,UNKNOWN,VIC/HEX,NFQ-MGB,No Amp,0,NaN,NaN,0,,,,
246,K6,FALSE,84,PPMoV,UNKNOWN,CY5,NFQ-MGB,No Amp,0,NaN,NaN,0,,,,
246,K6,FALSE,84,N Gene,UNKNOWN,FAM,NFQ-MGB,No Amp,0,NaN,NaN,0,,,,
246,K6,FALSE,84,IAC,UNKNOWN,VIC/HEX,NFQ-MGB,No Amp,0,NaN,NaN,0,,,,
247,K7,FALSE,100,PPMoV,UNKNOWN,CY5,NFQ-MGB,No Amp,0,NaN,NaN,0,,,,
247,K7,FALSE,100,N Gene,UNKNOWN,FAM,NFQ-MGB,No Amp,0,NaN,NaN,0,,,,
247,K7,FALSE,100,IAC,UNKNOWN,VIC/HEX,NFQ-MGB,No Amp,0,NaN,NaN,0,,,,
248,K8,FALSE,116,PPMoV,UNKNOWN,CY5,NFQ-MGB,No Amp,0,NaN,NaN,0,,,,
248,K8,FALSE,116,N Gene,UNKNOWN,FAM,NFQ-MGB,No Amp,0,NaN,NaN,0,,,,
248,K8,FALSE,116,IAC,UNKNOWN,VIC/HEX,NFQ-MGB,No Amp,0,NaN,NaN,0,,,,
249,K9,FALSE,130,PPMoV,UNKNOWN,CY5,NFQ-MGB,No Amp,0,NaN,NaN,0,,,,
249,K9,FALSE,130,N Gene,UNKNOWN,FAM,NFQ-MGB,No Amp,0,NaN,NaN,0,,,,
249,K9,FALSE,130,IAC,UNKNOWN,VIC/HEX,NFQ-MGB,No Amp,0,NaN,NaN,0,,,,
265,L1,FALSE,14,PPMoV,UNKNOWN,CY5,NFQ-MGB,No Amp,0,NaN,NaN,0,,,,
265,L1,FALSE,14,N Gene,UNKNOWN,FAM,NFQ-MGB,No Amp,0,NaN,NaN,0,,,,
265,L1,FALSE,14,IAC,UNKNOWN,VIC/HEX,NFQ-MGB,No Amp,0,NaN,NaN,0,,,,
274,L10,FALSE,154,PPMoV,UNKNOWN,CY5,NFQ-MGB,No Amp,0,NaN,NaN,0,,,,
274,L10,FALSE,154,N Gene,UNKNOWN,FAM,NFQ-MGB,No Amp,0,NaN,NaN,0,,,,
274,L10,FALSE,154,IAC,UNKNOWN,VIC/HEX,NFQ-MGB,No Amp,0,NaN,NaN,0,,,,
275,L11,FALSE,170,PPMoV,UNKNOWN,CY5,NFQ-MGB,No Amp,0,NaN,NaN,0,,,,
275,L11,FALSE,170,N Gene,UNKNOWN,FAM,NFQ-MGB,No Amp,0,NaN,NaN,0,,,,
275,L11,FALSE,170,IAC,UNKNOWN,VIC/HEX,NFQ-MGB,No Amp,0,NaN,NaN,0,,,,
276,L12,FALSE,186,PPMoV,UNKNOWN,CY5,NFQ-MGB,No Amp,0,NaN,NaN,0,,,,
276,L12,FALSE,186,N Gene,UNKNOWN,FAM,NFQ-MGB,No Amp,0,NaN,NaN,0,,,,
276,L12,FALSE,186,IAC,UNKNOWN,VIC/HEX,NFQ-MGB,No Amp,0.99899198,NaN,NaN,0,,,,
277,L13,FALSE,202,PPMoV,UNKNOWN,CY5,NFQ-MGB,No Amp,0,NaN,NaN,0,,,,
277,L13,FALSE,202,N Gene,UNKNOWN,FAM,NFQ-MGB,No Amp,0,NaN,NaN,0,,,,
277,L13,FALSE,202,IAC,UNKNOWN,VIC/HEX,NFQ-MGB,No Amp,0,NaN,NaN,0,,,,
278,L14,FALSE,216,PPMoV,UNKNOWN,CY5,NFQ-MGB,No Amp,0,NaN,NaN,0,,,,
278,L14,FALSE,216,N Gene,UNKNOWN,FAM,NFQ-MGB,No Amp,0,NaN,NaN,0,,,,
278,L14,FALSE,216,IAC,UNKNOWN,VIC/HEX,NFQ-MGB,No Amp,0,NaN,NaN,0,,,,
279,L15,FALSE,232,PPMoV,UNKNOWN,CY5,NFQ-MGB,No Amp,0,NaN,NaN,0,,,,
279,L15,FALSE,232,N Gene,UNKNOWN,FAM,NFQ-MGB,No Amp,0,NaN,NaN,0,,,,
279,L15,FALSE,232,IAC,UNKNOWN,VIC/HEX,NFQ-MGB,No Amp,0,NaN,NaN,0,,,,
280,L16,FALSE,248,PPMoV,UNKNOWN,CY5,NFQ-MGB,No Amp,0,NaN,NaN,0,,,,
280,L16,FALSE,248,N Gene,UNKNOWN,FAM,NFQ-MGB,No Amp,1.510689146,NaN,NaN,0,,,,
280,L16,FALSE,248,IAC,UNKNOWN,VIC/HEX,NFQ-MGB,No Amp,0,NaN,NaN,0,,,,
281,L17,FALSE,264,PPMoV,UNKNOWN,CY5,NFQ-MGB,No Amp,0,NaN,NaN,0,,,,
281,L17,FALSE,264,N Gene,UNKNOWN,FAM,NFQ-MGB,No Amp,0,NaN,NaN,0,,,,
281,L17,FALSE,264,IAC,UNKNOWN,VIC/HEX,NFQ-MGB,No Amp,0,NaN,NaN,0,,,,
282,L18,FALSE,280,PPMoV,UNKNOWN,CY5,NFQ-MGB,No Amp,0,NaN,NaN,0,,,,
282,L18,FALSE,280,N Gene,UNKNOWN,FAM,NFQ-MGB,No Amp,0,NaN,NaN,0,,,,
282,L18,FALSE,280,IAC,UNKNOWN,VIC/HEX,NFQ-MGB,No Amp,0,NaN,NaN,0,,,,
283,L19,FALSE,296,PPMoV,UNKNOWN,CY5,NFQ-MGB,No Amp,0,NaN,NaN,0,,,,
283,L19,FALSE,296,N Gene,UNKNOWN,FAM,NFQ-MGB,No Amp,0,NaN,NaN,0,,,,
283,L19,FALSE,296,IAC,UNKNOWN,VIC/HEX,NFQ-MGB,No Amp,0,NaN,NaN,0,,,,
266,L2,FALSE,28,PPMoV,UNKNOWN,CY5,NFQ-MGB,No Amp,0,NaN,NaN,0,,,,
266,L2,FALSE,28,N Gene,UNKNOWN,FAM,NFQ-MGB,No Amp,0,NaN,NaN,0,,,,
266,L2,FALSE,28,IAC,UNKNOWN,VIC/HEX,NFQ-MGB,No Amp,0,NaN,NaN,0,,,,
284,L20,FALSE,310,PPMoV,UNKNOWN,CY5,NFQ-MGB,No Amp,0,NaN,NaN,0,,,,
284,L20,FALSE,310,N Gene,UNKNOWN,FAM,NFQ-MGB,No Amp,0,NaN,NaN,0,,,,
284,L20,FALSE,310,IAC,UNKNOWN,VIC/HEX,NFQ-MGB,No Amp,0,NaN,NaN,0,,,,
285,L21,FALSE,326,PPMoV,UNKNOWN,CY5,NFQ-MGB,No Amp,0,NaN,NaN,0,,,,
285,L21,FALSE,326,N Gene,UNKNOWN,FAM,NFQ-MGB,No Amp,0,NaN,NaN,0,,,,
285,L21,FALSE,326,IAC,UNKNOWN,VIC/HEX,NFQ-MGB,No Amp,0,NaN,NaN,0,,,,
286,L22,FALSE,342,PPMoV,UNKNOWN,CY5,NFQ-MGB,No Amp,0,NaN,NaN,0,,,,
286,L22,FALSE,342,N Gene,UNKNOWN,FAM,NFQ-MGB,No Amp,0,NaN,NaN,0,,,,
286,L22,FALSE,342,IAC,UNKNOWN,VIC/HEX,NFQ-MGB,No Amp,0,NaN,NaN,0,,,,
287,L23,FALSE,358,PPMoV,UNKNOWN,CY5,NFQ-MGB,No Amp,0,NaN,NaN,0,,,,
287,L23,FALSE,358,N Gene,UNKNOWN,FAM,NFQ-MGB,No Amp,0,NaN,NaN,0,,,,
287,L23,FALSE,358,IAC,UNKNOWN,VIC/HEX,NFQ-MGB,No Amp,0,NaN,NaN,0,,,,
288,L24,FALSE,374,PPMoV,UNKNOWN,CY5,NFQ-MGB,No Amp,0,NaN,NaN,0,,,,
288,L24,FALSE,374,N Gene,UNKNOWN,FAM,NFQ-MGB,No Amp,0,NaN,NaN,0,,,,
288,L24,FALSE,374,IAC,UNKNOWN,VIC/HEX,NFQ-MGB,No Amp,0,NaN,NaN,0,,,,
267,L3,FALSE,44,PPMoV,UNKNOWN,CY5,NFQ-MGB,No Amp,0,NaN,NaN,0,,,,
267,L3,FALSE,44,N Gene,UNKNOWN,FAM,NFQ-MGB,No Amp,0,NaN,NaN,0,,,,
267,L3,FALSE,44,IAC,UNKNOWN,VIC/HEX,NFQ-MGB,No Amp,0,NaN,NaN,0,,,,
268,L4,FALSE,60,PPMoV,UNKNOWN,CY5,NFQ-MGB,No Amp,0,NaN,NaN,0,,,,
268,L4,FALSE,60,N Gene,UNKNOWN,FAM,NFQ-MGB,No Amp,0,NaN,NaN,0,,,,
268,L4,FALSE,60,IAC,UNKNOWN,VIC/HEX,NFQ-MGB,No Amp,0,NaN,NaN,0,,,,
269,L5,FALSE,76,PPMoV,UNKNOWN,CY5,NFQ-MGB,No Amp,0,NaN,NaN,0,,,,
269,L5,FALSE,76,N Gene,UNKNOWN,FAM,NFQ-MGB,No Amp,0,NaN,NaN,0,,,,
269,L5,FALSE,76,IAC,UNKNOWN,VIC/HEX,NFQ-MGB,No Amp,0,NaN,NaN,0,,,,
270,L6,FALSE,92,PPMoV,UNKNOWN,CY5,NFQ-MGB,No Amp,0,NaN,NaN,0,,,,
270,L6,FALSE,92,N Gene,UNKNOWN,FAM,NFQ-MGB,No Amp,0,NaN,NaN,0,,,,
270,L6,FALSE,92,IAC,UNKNOWN,VIC/HEX,NFQ-MGB,No Amp,0,NaN,NaN,0,,,,
271,L7,FALSE,108,PPMoV,UNKNOWN,CY5,NFQ-MGB,No Amp,0,NaN,NaN,0,,,,
271,L7,FALSE,108,N Gene,UNKNOWN,FAM,NFQ-MGB,No Amp,0,NaN,NaN,0,,,,
271,L7,FALSE,108,IAC,UNKNOWN,VIC/HEX,NFQ-MGB,No Amp,0,NaN,NaN,0,,,,
272,L8,FALSE,122,PPMoV,UNKNOWN,CY5,NFQ-MGB,No Amp,0,NaN,NaN,0,,,,
272,L8,FALSE,122,N Gene,UNKNOWN,FAM,NFQ-MGB,No Amp,0,NaN,NaN,0,,,,
272,L8,FALSE,122,IAC,UNKNOWN,VIC/HEX,NFQ-MGB,No Amp,0,NaN,NaN,0,,,,
273,L9,FALSE,138,PPMoV,UNKNOWN,CY5,NFQ-MGB,No Amp,0,NaN,NaN,0,,,,
273,L9,FALSE,138,N Gene,UNKNOWN,FAM,NFQ-MGB,No Amp,0,NaN,NaN,0,,,,
273,L9,FALSE,138,IAC,UNKNOWN,VIC/HEX,NFQ-MGB,No Amp,0,NaN,NaN,0,,,,
289,M1,FALSE,7,PPMoV,UNKNOWN,CY5,NFQ-MGB,No Amp,0,NaN,NaN,0,,,,
289,M1,FALSE,7,N Gene,UNKNOWN,FAM,NFQ-MGB,Amp,2.307742984,33.60384657,36.40439987,0.961442425,36.40439987,,,
289,M1,FALSE,7,IAC,UNKNOWN,VIC/HEX,NFQ-MGB,No Amp,1.494625375,33.4724834,NaN,0,,,,
298,M10,FALSE,147,PPMoV,UNKNOWN,CY5,NFQ-MGB,No Amp,0,NaN,NaN,0,,,,
298,M10,FALSE,147,N Gene,UNKNOWN,FAM,NFQ-MGB,No Amp,0,33.63155701,NaN,0,,,,
298,M10,FALSE,147,IAC,UNKNOWN,VIC/HEX,NFQ-MGB,No Amp,0,33.09336658,NaN,0,,,,
299,M11,FALSE,163,PPMoV,UNKNOWN,CY5,NFQ-MGB,No Amp,0,NaN,NaN,0,,,,
299,M11,FALSE,163,N Gene,UNKNOWN,FAM,NFQ-MGB,No Amp,0,NaN,NaN,0,,,,
299,M11,FALSE,163,IAC,UNKNOWN,VIC/HEX,NFQ-MGB,No Amp,0,NaN,NaN,0,,,,
300,M12,FALSE,179,PPMoV,UNKNOWN,CY5,NFQ-MGB,No Amp,0,NaN,NaN,0,,,,
300,M12,FALSE,179,N Gene,UNKNOWN,FAM,NFQ-MGB,No Amp,0,33.73379963,NaN,0,,,,
300,M12,FALSE,179,IAC,UNKNOWN,VIC/HEX,NFQ-MGB,No Amp,0,NaN,NaN,0,,,,
301,M13,FALSE,195,PPMoV,UNKNOWN,CY5,NFQ-MGB,Amp,2.559911363,NaN,24.75875473,0.992924976,24.75875473,,,
301,M13,FALSE,195,N Gene,UNKNOWN,FAM,NFQ-MGB,Amp,2.624672473,NaN,35.02264786,0.983890449,35.02264786,,,
301,M13,FALSE,195,IAC,UNKNOWN,VIC/HEX,NFQ-MGB,Amp,2.354266881,NaN,32.22875977,0.980357061,32.22875977,,,
302,M14,FALSE,211,PPMoV,UNKNOWN,CY5,NFQ-MGB,Amp,2.587771149,NaN,24.84723473,0.990187097,24.84723473,,,
302,M14,FALSE,211,N Gene,UNKNOWN,FAM,NFQ-MGB,Amp,2.303793266,NaN,33.98675919,0.914072718,33.98675919,,,
302,M14,FALSE,211,IAC,UNKNOWN,VIC/HEX,NFQ-MGB,Amp,2.193410361,NaN,30.57973289,0.967845143,30.57973289,,,
303,M15,FALSE,225,PPMoV,UNKNOWN,CY5,NFQ-MGB,No Amp,0,NaN,NaN,0,,,,
303,M15,FALSE,225,N Gene,UNKNOWN,FAM,NFQ-MGB,No Amp,0,NaN,NaN,0,,,,
303,M15,FALSE,225,IAC,UNKNOWN,VIC/HEX,NFQ-MGB,No Amp,0,NaN,NaN,0,,,,
304,M16,FALSE,241,PPMoV,UNKNOWN,CY5,NFQ-MGB,No Amp,0,NaN,NaN,0,,,,
304,M16,FALSE,241,N Gene,UNKNOWN,FAM,NFQ-MGB,No Amp,0,NaN,NaN,0,,,,
304,M16,FALSE,241,IAC,UNKNOWN,VIC/HEX,NFQ-MGB,No Amp,0,NaN,NaN,0,,,,
305,M17,FALSE,257,PPMoV,UNKNOWN,CY5,NFQ-MGB,No Amp,0,NaN,NaN,0,,,,
305,M17,FALSE,257,N Gene,UNKNOWN,FAM,NFQ-MGB,No Amp,0,NaN,NaN,0,,,,
305,M17,FALSE,257,IAC,UNKNOWN,VIC/HEX,NFQ-MGB,No Amp,0,NaN,NaN,0,,,,
306,M18,FALSE,273,PPMoV,UNKNOWN,CY5,NFQ-MGB,No Amp,0,NaN,NaN,0,,,,
306,M18,FALSE,273,N Gene,UNKNOWN,FAM,NFQ-MGB,No Amp,0,NaN,NaN,0,,,,
306,M18,FALSE,273,IAC,UNKNOWN,VIC/HEX,NFQ-MGB,No Amp,0,NaN,NaN,0,,,,
307,M19,FALSE,289,PPMoV,UNKNOWN,CY5,NFQ-MGB,No Amp,0,NaN,NaN,0,,,,
307,M19,FALSE,289,N Gene,UNKNOWN,FAM,NFQ-MGB,No Amp,0,NaN,NaN,0,,,,
307,M19,FALSE,289,IAC,UNKNOWN,VIC/HEX,NFQ-MGB,No Amp,0,NaN,NaN,0,,,,
290,M2,FALSE,23,PPMoV,UNKNOWN,CY5,NFQ-MGB,No Amp,0,NaN,NaN,0,,,,
290,M2,FALSE,23,N Gene,UNKNOWN,FAM,NFQ-MGB,Amp,2.431448408,NaN,34.896492,0.967673063,34.896492,,,
290,M2,FALSE,23,IAC,UNKNOWN,VIC/HEX,NFQ-MGB,Amp,2.20260746,NaN,34.3132782,0.962020026,34.3132782,,,
308,M20,FALSE,305,PPMoV,UNKNOWN,CY5,NFQ-MGB,No Amp,0,23.77724999,NaN,0,,,,
308,M20,FALSE,305,N Gene,UNKNOWN,FAM,NFQ-MGB,No Amp,0,32.94808994,NaN,0,,,,
308,M20,FALSE,305,IAC,UNKNOWN,VIC/HEX,NFQ-MGB,No Amp,0,30.01248354,NaN,0,,,,
309,M21,FALSE,319,PPMoV,UNKNOWN,CY5,NFQ-MGB,No Amp,0,24.5740621,NaN,0,,,,
309,M21,FALSE,319,N Gene,UNKNOWN,FAM,NFQ-MGB,No Amp,0,NaN,NaN,0,,,,
309,M21,FALSE,319,IAC,UNKNOWN,VIC/HEX,NFQ-MGB,No Amp,0,27.1584786,NaN,0,,,,
310,M22,FALSE,335,PPMoV,UNKNOWN,CY5,NFQ-MGB,No Amp,0,NaN,NaN,0,,,,
310,M22,FALSE,335,N Gene,UNKNOWN,FAM,NFQ-MGB,No Amp,0,NaN,NaN,0,,,,
310,M22,FALSE,335,IAC,UNKNOWN,VIC/HEX,NFQ-MGB,No Amp,0,NaN,NaN,0,,,,
311,M23,FALSE,351,PPMoV,UNKNOWN,CY5,NFQ-MGB,No Amp,0,NaN,NaN,0,,,,
311,M23,FALSE,351,N Gene,UNKNOWN,FAM,NFQ-MGB,No Amp,0,NaN,NaN,0,,,,
311,M23,FALSE,351,IAC,UNKNOWN,VIC/HEX,NFQ-MGB,No Amp,0,NaN,NaN,0,,,,
312,M24,FALSE,367,PPMoV,UNKNOWN,CY5,NFQ-MGB,No Amp,0,NaN,NaN,0,,,,
312,M24,FALSE,367,N Gene,UNKNOWN,FAM,NFQ-MGB,No Amp,0,NaN,NaN,0,,,,
312,M24,FALSE,367,IAC,UNKNOWN,VIC/HEX,NFQ-MGB,No Amp,0,NaN,NaN,0,,,,
291,M3,FALSE,37,PPMoV,UNKNOWN,CY5,NFQ-MGB,No Amp,0,NaN,NaN,0,,,,
291,M3,FALSE,37,N Gene,UNKNOWN,FAM,NFQ-MGB,No Amp,0,NaN,NaN,0,,,,
291,M3,FALSE,37,IAC,UNKNOWN,VIC/HEX,NFQ-MGB,No Amp,1.088773886,NaN,NaN,0,,,,
292,M4,FALSE,53,PPMoV,UNKNOWN,CY5,NFQ-MGB,No Amp,0,NaN,NaN,0,,,,
292,M4,FALSE,53,N Gene,UNKNOWN,FAM,NFQ-MGB,No Amp,0,NaN,NaN,0,,,,
292,M4,FALSE,53,IAC,UNKNOWN,VIC/HEX,NFQ-MGB,Amp,2.128613897,NaN,35.57249069,0.93990757,35.57249069,,,
293,M5,FALSE,69,PPMoV,UNKNOWN,CY5,NFQ-MGB,No Amp,0,NaN,NaN,0,,,,
293,M5,FALSE,69,N Gene,UNKNOWN,FAM,NFQ-MGB,No Amp,0,NaN,NaN,0,,,,
293,M5,FALSE,69,IAC,UNKNOWN,VIC/HEX,NFQ-MGB,No Amp,0,NaN,NaN,0,,,,
294,M6,FALSE,85,PPMoV,UNKNOWN,CY5,NFQ-MGB,No Amp,0,NaN,NaN,0,,,,
294,M6,FALSE,85,N Gene,UNKNOWN,FAM,NFQ-MGB,No Amp,0,NaN,NaN,0,,,,
294,M6,FALSE,85,IAC,UNKNOWN,VIC/HEX,NFQ-MGB,No Amp,0,NaN,NaN,0,,,,
295,M7,FALSE,101,PPMoV,UNKNOWN,CY5,NFQ-MGB,No Amp,0,NaN,NaN,0,,,,
295,M7,FALSE,101,N Gene,UNKNOWN,FAM,NFQ-MGB,No Amp,0,NaN,NaN,0,,,,
295,M7,FALSE,101,IAC,UNKNOWN,VIC/HEX,NFQ-MGB,No Amp,0,NaN,NaN,0,,,,
296,M8,FALSE,117,PPMoV,UNKNOWN,CY5,NFQ-MGB,No Amp,0,NaN,NaN,0,,,,
296,M8,FALSE,117,N Gene,UNKNOWN,FAM,NFQ-MGB,No Amp,0,NaN,NaN,0,,,,
296,M8,FALSE,117,IAC,UNKNOWN,VIC/HEX,NFQ-MGB,No Amp,0,NaN,NaN,0,,,,
297,M9,FALSE,131,PPMoV,UNKNOWN,CY5,NFQ-MGB,No Amp,0,NaN,NaN,0,,,,
297,M9,FALSE,131,N Gene,UNKNOWN,FAM,NFQ-MGB,No Amp,0,NaN,NaN,0,,,,
297,M9,FALSE,131,IAC,UNKNOWN,VIC/HEX,NFQ-MGB,No Amp,0,NaN,NaN,0,,,,
313,N1,FALSE,15,PPMoV,UNKNOWN,CY5,NFQ-MGB,No Amp,0,NaN,NaN,0,,,,
313,N1,FALSE,15,N Gene,UNKNOWN,FAM,NFQ-MGB,No Amp,0,NaN,NaN,0,,,,
313,N1,FALSE,15,IAC,UNKNOWN,VIC/HEX,NFQ-MGB,No Amp,0,NaN,NaN,0,,,,
322,N10,FALSE,155,PPMoV,UNKNOWN,CY5,NFQ-MGB,No Amp,0,NaN,NaN,0,,,,
322,N10,FALSE,155,N Gene,UNKNOWN,FAM,NFQ-MGB,No Amp,0,NaN,NaN,0,,,,
322,N10,FALSE,155,IAC,UNKNOWN,VIC/HEX,NFQ-MGB,No Amp,0,NaN,NaN,0,,,,
323,N11,FALSE,171,PPMoV,UNKNOWN,CY5,NFQ-MGB,No Amp,0,NaN,NaN,0,,,,
323,N11,FALSE,171,N Gene,UNKNOWN,FAM,NFQ-MGB,No Amp,0,NaN,NaN,0,,,,
323,N11,FALSE,171,IAC,UNKNOWN,VIC/HEX,NFQ-MGB,No Amp,0,NaN,NaN,0,,,,
324,N12,FALSE,187,PPMoV,UNKNOWN,CY5,NFQ-MGB,No Amp,0,NaN,NaN,0,,,,
324,N12,FALSE,187,N Gene,UNKNOWN,FAM,NFQ-MGB,No Amp,0,NaN,NaN,0,,,,
324,N12,FALSE,187,IAC,UNKNOWN,VIC/HEX,NFQ-MGB,No Amp,0,NaN,NaN,0,,,,
325,N13,FALSE,203,PPMoV,UNKNOWN,CY5,NFQ-MGB,No Amp,0,NaN,NaN,0,,,,
325,N13,FALSE,203,N Gene,UNKNOWN,FAM,NFQ-MGB,No Amp,0,NaN,NaN,0,,,,
325,N13,FALSE,203,IAC,UNKNOWN,VIC/HEX,NFQ-MGB,No Amp,1.198730671,NaN,NaN,0,,,,
326,N14,FALSE,217,PPMoV,UNKNOWN,CY5,NFQ-MGB,No Amp,0,NaN,NaN,0,,,,
326,N14,FALSE,217,N Gene,UNKNOWN,FAM,NFQ-MGB,No Amp,0,NaN,NaN,0,,,,
326,N14,FALSE,217,IAC,UNKNOWN,VIC/HEX,NFQ-MGB,No Amp,0,NaN,NaN,0,,,,
327,N15,FALSE,233,PPMoV,UNKNOWN,CY5,NFQ-MGB,No Amp,0,NaN,NaN,0,,,,
327,N15,FALSE,233,N Gene,UNKNOWN,FAM,NFQ-MGB,No Amp,0,NaN,NaN,0,,,,
327,N15,FALSE,233,IAC,UNKNOWN,VIC/HEX,NFQ-MGB,No Amp,0,NaN,NaN,0,,,,
328,N16,FALSE,249,PPMoV,UNKNOWN,CY5,NFQ-MGB,No Amp,0,NaN,NaN,0,,,,
328,N16,FALSE,249,N Gene,UNKNOWN,FAM,NFQ-MGB,No Amp,0,NaN,NaN,0,,,,
328,N16,FALSE,249,IAC,UNKNOWN,VIC/HEX,NFQ-MGB,No Amp,0,NaN,NaN,0,,,,
329,N17,FALSE,265,PPMoV,UNKNOWN,CY5,NFQ-MGB,No Amp,0,NaN,NaN,0,,,,
329,N17,FALSE,265,N Gene,UNKNOWN,FAM,NFQ-MGB,No Amp,0,NaN,NaN,0,,,,
329,N17,FALSE,265,IAC,UNKNOWN,VIC/HEX,NFQ-MGB,No Amp,0,NaN,NaN,0,,,,
330,N18,FALSE,281,PPMoV,UNKNOWN,CY5,NFQ-MGB,No Amp,0,NaN,NaN,0,,,,
330,N18,FALSE,281,N Gene,UNKNOWN,FAM,NFQ-MGB,No Amp,0,NaN,NaN,0,,,,
330,N18,FALSE,281,IAC,UNKNOWN,VIC/HEX,NFQ-MGB,No Amp,0,NaN,NaN,0,,,,
331,N19,FALSE,297,PPMoV,UNKNOWN,CY5,NFQ-MGB,No Amp,0,NaN,NaN,0,,,,
331,N19,FALSE,297,N Gene,UNKNOWN,FAM,NFQ-MGB,No Amp,0,NaN,NaN,0,,,,
331,N19,FALSE,297,IAC,UNKNOWN,VIC/HEX,NFQ-MGB,No Amp,0,NaN,NaN,0,,,,
314,N2,FALSE,29,PPMoV,UNKNOWN,CY5,NFQ-MGB,No Amp,0,NaN,NaN,0,,,,
314,N2,FALSE,29,N Gene,UNKNOWN,FAM,NFQ-MGB,No Amp,0,NaN,NaN,0,,,,
314,N2,FALSE,29,IAC,UNKNOWN,VIC/HEX,NFQ-MGB,No Amp,0,NaN,NaN,0,,,,
332,N20,FALSE,311,PPMoV,UNKNOWN,CY5,NFQ-MGB,No Amp,0,NaN,NaN,0,,,,
332,N20,FALSE,311,N Gene,UNKNOWN,FAM,NFQ-MGB,No Amp,0,NaN,NaN,0,,,,
332,N20,FALSE,311,IAC,UNKNOWN,VIC/HEX,NFQ-MGB,No Amp,0,NaN,NaN,0,,,,
333,N21,FALSE,327,PPMoV,UNKNOWN,CY5,NFQ-MGB,No Amp,0,NaN,NaN,0,,,,
333,N21,FALSE,327,N Gene,UNKNOWN,FAM,NFQ-MGB,No Amp,0,NaN,NaN,0,,,,
333,N21,FALSE,327,IAC,UNKNOWN,VIC/HEX,NFQ-MGB,No Amp,0,NaN,NaN,0,,,,
334,N22,FALSE,343,PPMoV,UNKNOWN,CY5,NFQ-MGB,No Amp,0,NaN,NaN,0,,,,
334,N22,FALSE,343,N Gene,UNKNOWN,FAM,NFQ-MGB,No Amp,0,NaN,NaN,0,,,,
334,N22,FALSE,343,IAC,UNKNOWN,VIC/HEX,NFQ-MGB,No Amp,0,NaN,NaN,0,,,,
335,N23,FALSE,359,PPMoV,UNKNOWN,CY5,NFQ-MGB,No Amp,0,NaN,NaN,0,,,,
335,N23,FALSE,359,N Gene,UNKNOWN,FAM,NFQ-MGB,No Amp,0,NaN,NaN,0,,,,
335,N23,FALSE,359,IAC,UNKNOWN,VIC/HEX,NFQ-MGB,No Amp,0,NaN,NaN,0,,,,
336,N24,FALSE,375,PPMoV,UNKNOWN,CY5,NFQ-MGB,No Amp,0,NaN,NaN,0,,,,
336,N24,FALSE,375,N Gene,UNKNOWN,FAM,NFQ-MGB,No Amp,0,NaN,NaN,0,,,,
336,N24,FALSE,375,IAC,UNKNOWN,VIC/HEX,NFQ-MGB,No Amp,0,NaN,NaN,0,,,,
315,N3,FALSE,45,PPMoV,UNKNOWN,CY5,NFQ-MGB,No Amp,0,NaN,NaN,0,,,,
315,N3,FALSE,45,N Gene,UNKNOWN,FAM,NFQ-MGB,No Amp,0,NaN,NaN,0,,,,
315,N3,FALSE,45,IAC,UNKNOWN,VIC/HEX,NFQ-MGB,No Amp,0,NaN,NaN,0,,,,
316,N4,FALSE,61,PPMoV,UNKNOWN,CY5,NFQ-MGB,No Amp,0,NaN,NaN,0,,,,
316,N4,FALSE,61,N Gene,UNKNOWN,FAM,NFQ-MGB,No Amp,0,NaN,NaN,0,,,,
316,N4,FALSE,61,IAC,UNKNOWN,VIC/HEX,NFQ-MGB,No Amp,0,NaN,NaN,0,,,,
317,N5,FALSE,77,PPMoV,UNKNOWN,CY5,NFQ-MGB,No Amp,0,NaN,NaN,0,,,,
317,N5,FALSE,77,N Gene,UNKNOWN,FAM,NFQ-MGB,No Amp,0,NaN,NaN,0,,,,
317,N5,FALSE,77,IAC,UNKNOWN,VIC/HEX,NFQ-MGB,No Amp,0,NaN,NaN,0,,,,
318,N6,FALSE,93,PPMoV,UNKNOWN,CY5,NFQ-MGB,No Amp,0,NaN,NaN,0,,,,
318,N6,FALSE,93,N Gene,UNKNOWN,FAM,NFQ-MGB,No Amp,0,NaN,NaN,0,,,,
318,N6,FALSE,93,IAC,UNKNOWN,VIC/HEX,NFQ-MGB,No Amp,0,NaN,NaN,0,,,,
319,N7,FALSE,109,PPMoV,UNKNOWN,CY5,NFQ-MGB,No Amp,0,NaN,NaN,0,,,,
319,N7,FALSE,109,N Gene,UNKNOWN,FAM,NFQ-MGB,No Amp,0,NaN,NaN,0,,,,
319,N7,FALSE,109,IAC,UNKNOWN,VIC/HEX,NFQ-MGB,No Amp,0,NaN,NaN,0,,,,
320,N8,FALSE,123,PPMoV,UNKNOWN,CY5,NFQ-MGB,No Amp,0,NaN,NaN,0,,,,
320,N8,FALSE,123,N Gene,UNKNOWN,FAM,NFQ-MGB,No Amp,0,NaN,NaN,0,,,,
320,N8,FALSE,123,IAC,UNKNOWN,VIC/HEX,NFQ-MGB,No Amp,0,NaN,NaN,0,,,,
321,N9,FALSE,139,PPMoV,UNKNOWN,CY5,NFQ-MGB,No Amp,0,NaN,NaN,0,,,,
321,N9,FALSE,139,N Gene,UNKNOWN,FAM,NFQ-MGB,No Amp,0,NaN,NaN,0,,,,
321,N9,FALSE,139,IAC,UNKNOWN,VIC/HEX,NFQ-MGB,No Amp,0,NaN,NaN,0,,,,
337,O1,FALSE,8,PPMoV,UNKNOWN,CY5,NFQ-MGB,No Amp,0,NaN,NaN,0,,,,
337,O1,FALSE,8,N Gene,UNKNOWN,FAM,NFQ-MGB,Amp,2.364375334,31.72150996,33.81626511,0.961352014,33.81626511,,,
337,O1,FALSE,8,IAC,UNKNOWN,VIC/HEX,NFQ-MGB,Amp,2.149647243,31.83935606,33.03371429,0.970998858,33.03371429,,,
346,O10,FALSE,148,PPMoV,UNKNOWN,CY5,NFQ-MGB,No Amp,0,NaN,NaN,0,,,,
346,O10,FALSE,148,N Gene,UNKNOWN,FAM,NFQ-MGB,No Amp,0,NaN,NaN,0,,,,
346,O10,FALSE,148,IAC,UNKNOWN,VIC/HEX,NFQ-MGB,No Amp,0,NaN,NaN,0,,,,
347,O11,FALSE,164,PPMoV,UNKNOWN,CY5,NFQ-MGB,No Amp,0,NaN,NaN,0,,,,
347,O11,FALSE,164,N Gene,UNKNOWN,FAM,NFQ-MGB,No Amp,0,NaN,NaN,0,,,,
347,O11,FALSE,164,IAC,UNKNOWN,VIC/HEX,NFQ-MGB,No Amp,0,NaN,NaN,0,,,,
348,O12,FALSE,180,PPMoV,UNKNOWN,CY5,NFQ-MGB,No Amp,0,NaN,NaN,0,,,,
348,O12,FALSE,180,N Gene,UNKNOWN,FAM,NFQ-MGB,No Amp,0,NaN,NaN,0,,,,
348,O12,FALSE,180,IAC,UNKNOWN,VIC/HEX,NFQ-MGB,No Amp,0,NaN,NaN,0,,,,
349,O13,FALSE,196,PPMoV,UNKNOWN,CY5,NFQ-MGB,Amp,2.580334389,NaN,25.15966415,0.984204587,25.15966415,,,
349,O13,FALSE,196,N Gene,UNKNOWN,FAM,NFQ-MGB,Amp,2.626086673,NaN,35.27666855,0.973349496,35.27666855,,,
349,O13,FALSE,196,IAC,UNKNOWN,VIC/HEX,NFQ-MGB,Amp,2.438751227,NaN,31.22927475,0.98420591,31.22927475,,,
350,O14,FALSE,Neg Cntrl,PPMoV,UNKNOWN,CY5,NFQ-MGB,Amp,2.617410361,NaN,25.17258263,0.986824214,25.17258263,,,
350,O14,FALSE,Neg Cntrl,N Gene,UNKNOWN,FAM,NFQ-MGB,Amp,2.519712265,NaN,33.97258759,0.95041741,33.97258759,,,
350,O14,FALSE,Neg Cntrl,IAC,UNKNOWN,VIC/HEX,NFQ-MGB,No Amp,1.56965046,NaN,NaN,0,,,,
351,O15,FALSE,226,PPMoV,UNKNOWN,CY5,NFQ-MGB,No Amp,0,NaN,NaN,0,,,,
351,O15,FALSE,226,N Gene,UNKNOWN,FAM,NFQ-MGB,No Amp,0,NaN,NaN,0,,,,
351,O15,FALSE,226,IAC,UNKNOWN,VIC/HEX,NFQ-MGB,No Amp,0,NaN,NaN,0,,,,
352,O16,FALSE,242,PPMoV,UNKNOWN,CY5,NFQ-MGB,No Amp,0,NaN,NaN,0,,,,
352,O16,FALSE,242,N Gene,UNKNOWN,FAM,NFQ-MGB,No Amp,0,NaN,NaN,0,,,,
352,O16,FALSE,242,IAC,UNKNOWN,VIC/HEX,NFQ-MGB,No Amp,0,NaN,NaN,0,,,,
353,O17,FALSE,258,PPMoV,UNKNOWN,CY5,NFQ-MGB,No Amp,0,NaN,NaN,0,,,,
353,O17,FALSE,258,N Gene,UNKNOWN,FAM,NFQ-MGB,No Amp,0,NaN,NaN,0,,,,
353,O17,FALSE,258,IAC,UNKNOWN,VIC/HEX,NFQ-MGB,No Amp,0,NaN,NaN,0,,,,
354,O18,FALSE,274,PPMoV,UNKNOWN,CY5,NFQ-MGB,No Amp,0,NaN,NaN,0,,,,
354,O18,FALSE,274,N Gene,UNKNOWN,FAM,NFQ-MGB,No Amp,0,NaN,NaN,0,,,,
354,O18,FALSE,274,IAC,UNKNOWN,VIC/HEX,NFQ-MGB,No Amp,0,NaN,NaN,0,,,,
355,O19,FALSE,290,PPMoV,UNKNOWN,CY5,NFQ-MGB,No Amp,0,NaN,NaN,0,,,,
355,O19,FALSE,290,N Gene,UNKNOWN,FAM,NFQ-MGB,No Amp,0,NaN,NaN,0,,,,
355,O19,FALSE,290,IAC,UNKNOWN,VIC/HEX,NFQ-MGB,No Amp,0,NaN,NaN,0,,,,
338,O2,FALSE,Neg Cntrl,PPMoV,UNKNOWN,CY5,NFQ-MGB,No Amp,0,NaN,NaN,0,,,,
338,O2,FALSE,Neg Cntrl,N Gene,UNKNOWN,FAM,NFQ-MGB,No Amp,0,NaN,NaN,0,,,,
338,O2,FALSE,Neg Cntrl,IAC,UNKNOWN,VIC/HEX,NFQ-MGB,Amp,2.064770745,NaN,36.32483292,0.902036179,36.32483292,,,
356,O20,FALSE,Neg Cntrl,PPMoV,UNKNOWN,CY5,NFQ-MGB,No Amp,0,24.66879883,NaN,0,,,,
356,O20,FALSE,Neg Cntrl,N Gene,UNKNOWN,FAM,NFQ-MGB,No Amp,0,32.60250143,NaN,0,,,,
356,O20,FALSE,Neg Cntrl,IAC,UNKNOWN,VIC/HEX,NFQ-MGB,No Amp,0,29.64702608,NaN,0,,,,
357,O21,FALSE,320,PPMoV,UNKNOWN,CY5,NFQ-MGB,No Amp,0,25.01703396,NaN,0,,,,
357,O21,FALSE,320,N Gene,UNKNOWN,FAM,NFQ-MGB,No Amp,0,29.01525391,NaN,0,,,,
357,O21,FALSE,320,IAC,UNKNOWN,VIC/HEX,NFQ-MGB,No Amp,0,26.97851536,NaN,0,,,,
358,O22,FALSE,336,PPMoV,UNKNOWN,CY5,NFQ-MGB,No Amp,0,NaN,NaN,0,,,,
358,O22,FALSE,336,N Gene,UNKNOWN,FAM,NFQ-MGB,No Amp,0,NaN,NaN,0,,,,
358,O22,FALSE,336,IAC,UNKNOWN,VIC/HEX,NFQ-MGB,No Amp,0,NaN,NaN,0,,,,
359,O23,FALSE,352,PPMoV,UNKNOWN,CY5,NFQ-MGB,No Amp,0,NaN,NaN,0,,,,
359,O23,FALSE,352,N Gene,UNKNOWN,FAM,NFQ-MGB,No Amp,0,NaN,NaN,0,,,,
359,O23,FALSE,352,IAC,UNKNOWN,VIC/HEX,NFQ-MGB,No Amp,0,NaN,NaN,0,,,,
360,O24,FALSE,368,PPMoV,UNKNOWN,CY5,NFQ-MGB,No Amp,0,NaN,NaN,0,,,,
360,O24,FALSE,368,N Gene,UNKNOWN,FAM,NFQ-MGB,No Amp,0,NaN,NaN,0,,,,
360,O24,FALSE,368,IAC,UNKNOWN,VIC/HEX,NFQ-MGB,No Amp,0,NaN,NaN,0,,,,
339,O3,FALSE,38,PPMoV,UNKNOWN,CY5,NFQ-MGB,No Amp,0,NaN,NaN,0,,,,
339,O3,FALSE,38,N Gene,UNKNOWN,FAM,NFQ-MGB,No Amp,0,NaN,NaN,0,,,,
339,O3,FALSE,38,IAC,UNKNOWN,VIC/HEX,NFQ-MGB,No Amp,1.283589028,NaN,NaN,0,,,,
340,O4,FALSE,54,PPMoV,UNKNOWN,CY5,NFQ-MGB,No Amp,0,NaN,NaN,0,,,,
340,O4,FALSE,54,N Gene,UNKNOWN,FAM,NFQ-MGB,No Amp,0,NaN,NaN,0,,,,
340,O4,FALSE,54,IAC,UNKNOWN,VIC/HEX,NFQ-MGB,No Amp,0,NaN,NaN,0,,,,
341,O5,FALSE,70,PPMoV,UNKNOWN,CY5,NFQ-MGB,No Amp,0,NaN,NaN,0,,,,
341,O5,FALSE,70,N Gene,UNKNOWN,FAM,NFQ-MGB,No Amp,0,NaN,NaN,0,,,,
341,O5,FALSE,70,IAC,UNKNOWN,VIC/HEX,NFQ-MGB,No Amp,0,NaN,NaN,0,,,,
342,O6,FALSE,86,PPMoV,UNKNOWN,CY5,NFQ-MGB,No Amp,0,NaN,NaN,0,,,,
342,O6,FALSE,86,N Gene,UNKNOWN,FAM,NFQ-MGB,No Amp,0,NaN,NaN,0,,,,
342,O6,FALSE,86,IAC,UNKNOWN,VIC/HEX,NFQ-MGB,No Amp,0,NaN,NaN,0,,,,
343,O7,FALSE,102,PPMoV,UNKNOWN,CY5,NFQ-MGB,No Amp,0,NaN,NaN,0,,,,
343,O7,FALSE,102,N Gene,UNKNOWN,FAM,NFQ-MGB,No Amp,0,NaN,NaN,0,,,,
343,O7,FALSE,102,IAC,UNKNOWN,VIC/HEX,NFQ-MGB,No Amp,0,NaN,NaN,0,,,,
344,O8,FALSE,Neg Cntrl,PPMoV,UNKNOWN,CY5,NFQ-MGB,No Amp,0,NaN,NaN,0,,,,
344,O8,FALSE,Neg Cntrl,N Gene,UNKNOWN,FAM,NFQ-MGB,No Amp,0,NaN,NaN,0,,,,
344,O8,FALSE,Neg Cntrl,IAC,UNKNOWN,VIC/HEX,NFQ-MGB,No Amp,0,NaN,NaN,0,,,,
345,O9,FALSE,132,PPMoV,UNKNOWN,CY5,NFQ-MGB,No Amp,0,NaN,NaN,0,,,,
345,O9,FALSE,132,N Gene,UNKNOWN,FAM,NFQ-MGB,No Amp,0,NaN,NaN,0,,,,
345,O9,FALSE,132,IAC,UNKNOWN,VIC/HEX,NFQ-MGB,No Amp,0,NaN,NaN,0,,,,
361,P1,FALSE,16,PPMoV,UNKNOWN,CY5,NFQ-MGB,No Amp,0,NaN,NaN,0,,,,
361,P1,FALSE,16,N Gene,UNKNOWN,FAM,NFQ-MGB,No Amp,0,NaN,NaN,0,,,,
361,P1,FALSE,16,IAC,UNKNOWN,VIC/HEX,NFQ-MGB,No Amp,0,NaN,NaN,0,,,,
370,P10,FALSE,156,PPMoV,UNKNOWN,CY5,NFQ-MGB,No Amp,0,NaN,NaN,0,,,,
370,P10,FALSE,156,N Gene,UNKNOWN,FAM,NFQ-MGB,No Amp,0,NaN,NaN,0,,,,
370,P10,FALSE,156,IAC,UNKNOWN,VIC/HEX,NFQ-MGB,No Amp,0,32.77507895,NaN,0,,,,
371,P11,FALSE,172,PPMoV,UNKNOWN,CY5,NFQ-MGB,No Amp,0,NaN,NaN,0,,,,
371,P11,FALSE,172,N Gene,UNKNOWN,FAM,NFQ-MGB,No Amp,0,NaN,NaN,0,,,,
371,P11,FALSE,172,IAC,UNKNOWN,VIC/HEX,NFQ-MGB,No Amp,0,NaN,NaN,0,,,,
372,P12,FALSE,188,PPMoV,UNKNOWN,CY5,NFQ-MGB,No Amp,0,NaN,NaN,0,,,,
372,P12,FALSE,188,N Gene,UNKNOWN,FAM,NFQ-MGB,No Amp,0,NaN,NaN,0,,,,
372,P12,FALSE,188,IAC,UNKNOWN,VIC/HEX,NFQ-MGB,No Amp,0,NaN,NaN,0,,,,
373,P13,FALSE,204,PPMoV,UNKNOWN,CY5,NFQ-MGB,No Amp,1.022673907,NaN,NaN,0,,,,
373,P13,FALSE,204,N Gene,UNKNOWN,FAM,NFQ-MGB,No Amp,0,NaN,NaN,0,,,,
373,P13,FALSE,204,IAC,UNKNOWN,VIC/HEX,NFQ-MGB,No Amp,0,NaN,NaN,0,,,,
374,P14,FALSE,218,PPMoV,UNKNOWN,CY5,NFQ-MGB,No Amp,0,NaN,NaN,0,,,,
374,P14,FALSE,218,N Gene,UNKNOWN,FAM,NFQ-MGB,No Amp,0,NaN,NaN,0,,,,
374,P14,FALSE,218,IAC,UNKNOWN,VIC/HEX,NFQ-MGB,No Amp,0,NaN,NaN,0,,,,
375,P15,FALSE,234,PPMoV,UNKNOWN,CY5,NFQ-MGB,No Amp,0,NaN,NaN,0,,,,
375,P15,FALSE,234,N Gene,UNKNOWN,FAM,NFQ-MGB,No Amp,0,NaN,NaN,0,,,,
375,P15,FALSE,234,IAC,UNKNOWN,VIC/HEX,NFQ-MGB,No Amp,0,NaN,NaN,0,,,,
376,P16,FALSE,250,PPMoV,UNKNOWN,CY5,NFQ-MGB,No Amp,0,NaN,NaN,0,,,,
376,P16,FALSE,250,N Gene,UNKNOWN,FAM,NFQ-MGB,No Amp,0,NaN,NaN,0,,,,
376,P16,FALSE,250,IAC,UNKNOWN,VIC/HEX,NFQ-MGB,No Amp,0,NaN,NaN,0,,,,
377,P17,FALSE,266,PPMoV,UNKNOWN,CY5,NFQ-MGB,No Amp,0,NaN,NaN,0,,,,
377,P17,FALSE,266,N Gene,UNKNOWN,FAM,NFQ-MGB,No Amp,0,NaN,NaN,0,,,,
377,P17,FALSE,266,IAC,UNKNOWN,VIC/HEX,NFQ-MGB,No Amp,1.573949087,NaN,NaN,0,,,,
378,P18,FALSE,282,PPMoV,UNKNOWN,CY5,NFQ-MGB,No Amp,0,NaN,NaN,0,,,,
378,P18,FALSE,282,N Gene,UNKNOWN,FAM,NFQ-MGB,No Amp,1.456248031,NaN,NaN,0,,,,
378,P18,FALSE,282,IAC,UNKNOWN,VIC/HEX,NFQ-MGB,No Amp,0,NaN,NaN,0,,,,
379,P19,FALSE,298,PPMoV,UNKNOWN,CY5,NFQ-MGB,No Amp,0,NaN,NaN,0,,,,
379,P19,FALSE,298,N Gene,UNKNOWN,FAM,NFQ-MGB,No Amp,0,NaN,NaN,0,,,,
379,P19,FALSE,298,IAC,UNKNOWN,VIC/HEX,NFQ-MGB,No Amp,0,NaN,NaN,0,,,,
362,P2,FALSE,30,PPMoV,UNKNOWN,CY5,NFQ-MGB,No Amp,0,NaN,NaN,0,,,,
362,P2,FALSE,30,N Gene,UNKNOWN,FAM,NFQ-MGB,Amp,2.217567863,NaN,37.6006546,0.937618667,37.6006546,,,
362,P2,FALSE,30,IAC,UNKNOWN,VIC/HEX,NFQ-MGB,Amp,2.228848185,NaN,33.32581329,0.964771628,33.32581329,,,
380,P20,FALSE,312,PPMoV,UNKNOWN,CY5,NFQ-MGB,No Amp,0,NaN,NaN,0,,,,
380,P20,FALSE,312,N Gene,UNKNOWN,FAM,NFQ-MGB,No Amp,0,NaN,NaN,0,,,,
380,P20,FALSE,312,IAC,UNKNOWN,VIC/HEX,NFQ-MGB,No Amp,0,NaN,NaN,0,,,,
381,P21,FALSE,328,PPMoV,UNKNOWN,CY5,NFQ-MGB,No Amp,0,NaN,NaN,0,,,,
381,P21,FALSE,328,N Gene,UNKNOWN,FAM,NFQ-MGB,No Amp,0,NaN,NaN,0,,,,
381,P21,FALSE,328,IAC,UNKNOWN,VIC/HEX,NFQ-MGB,No Amp,0,NaN,NaN,0,,,,
382,P22,FALSE,344,PPMoV,UNKNOWN,CY5,NFQ-MGB,No Amp,0,NaN,NaN,0,,,,
382,P22,FALSE,344,N Gene,UNKNOWN,FAM,NFQ-MGB,No Amp,0,NaN,NaN,0,,,,
382,P22,FALSE,344,IAC,UNKNOWN,VIC/HEX,NFQ-MGB,No Amp,0,NaN,NaN,0,,,,
383,P23,FALSE,360,PPMoV,UNKNOWN,CY5,NFQ-MGB,No Amp,0,NaN,NaN,0,,,,
383,P23,FALSE,360,N Gene,UNKNOWN,FAM,NFQ-MGB,No Amp,0,NaN,NaN,0,,,,
383,P23,FALSE,360,IAC,UNKNOWN,VIC/HEX,NFQ-MGB,No Amp,0,NaN,NaN,0,,,,
384,P24,FALSE,376,PPMoV,UNKNOWN,CY5,NFQ-MGB,No Amp,0,NaN,NaN,0,,,,
384,P24,FALSE,376,N Gene,UNKNOWN,FAM,NFQ-MGB,Amp,2.582059422,NaN,20.78441048,0.967623049,20.78441048,,,
384,P24,FALSE,376,IAC,UNKNOWN,VIC/HEX,NFQ-MGB,Amp,2.301092311,NaN,21.1409111,0.966962528,21.1409111,,,
363,P3,FALSE,46,PPMoV,UNKNOWN,CY5,NFQ-MGB,No Amp,0,NaN,NaN,0,,,,
363,P3,FALSE,46,N Gene,UNKNOWN,FAM,NFQ-MGB,No Amp,0,NaN,NaN,0,,,,
363,P3,FALSE,46,IAC,UNKNOWN,VIC/HEX,NFQ-MGB,No Amp,1.374077351,NaN,NaN,0,,,,
364,P4,FALSE,62,PPMoV,UNKNOWN,CY5,NFQ-MGB,No Amp,0,NaN,NaN,0,,,,
364,P4,FALSE,62,N Gene,UNKNOWN,FAM,NFQ-MGB,No Amp,0,NaN,NaN,0,,,,
364,P4,FALSE,62,IAC,UNKNOWN,VIC/HEX,NFQ-MGB,No Amp,0,NaN,NaN,0,,,,
365,P5,FALSE,78,PPMoV,UNKNOWN,CY5,NFQ-MGB,No Amp,0,NaN,NaN,0,,,,
365,P5,FALSE,78,N Gene,UNKNOWN,FAM,NFQ-MGB,No Amp,0,NaN,NaN,0,,,,
365,P5,FALSE,78,IAC,UNKNOWN,VIC/HEX,NFQ-MGB,No Amp,0,NaN,NaN,0,,,,
366,P6,FALSE,94,PPMoV,UNKNOWN,CY5,NFQ-MGB,No Amp,0,NaN,NaN,0,,,,
366,P6,FALSE,94,N Gene,UNKNOWN,FAM,NFQ-MGB,No Amp,0,NaN,NaN,0,,,,
366,P6,FALSE,94,IAC,UNKNOWN,VIC/HEX,NFQ-MGB,No Amp,0,NaN,NaN,0,,,,
367,P7,FALSE,110,PPMoV,UNKNOWN,CY5,NFQ-MGB,No Amp,0,NaN,NaN,0,,,,
367,P7,FALSE,110,N Gene,UNKNOWN,FAM,NFQ-MGB,No Amp,0,NaN,NaN,0,,,,
367,P7,FALSE,110,IAC,UNKNOWN,VIC/HEX,NFQ-MGB,No Amp,0,NaN,NaN,0,,,,
368,P8,FALSE,124,PPMoV,UNKNOWN,CY5,NFQ-MGB,No Amp,0,NaN,NaN,0,,,,
368,P8,FALSE,124,N Gene,UNKNOWN,FAM,NFQ-MGB,No Amp,0,NaN,NaN,0,,,,
368,P8,FALSE,124,IAC,UNKNOWN,VIC/HEX,NFQ-MGB,No Amp,0,NaN,NaN,0,,,,
369,P9,FALSE,140,PPMoV,UNKNOWN,CY5,NFQ-MGB,No Amp,0,NaN,NaN,0,,,,
369,P9,FALSE,140,N Gene,UNKNOWN,FAM,NFQ-MGB,No Amp,0,NaN,NaN,0,,,,
369,P9,FALSE,140,IAC,UNKNOWN,VIC/HEX,NFQ-MGB,No Amp,0,NaN,NaN,0,,,,