Well,Fluor,Target,Content,Sample,Biological Set Name,BioRad Cq,Cq Mean,Cq Std. Dev,Starting Quantity (SQ),Log Starting Quantity,SQ Mean,SQ Std. Dev,Set Point,Well Note
A01,Cy5,,Unkn,,,NaN,0,0,NaN,NaN,0,0,55,
A01,FAM,,Unkn,,,31.06823256,31.06823256,0,NaN,NaN,NaN,0,55,
A01,HEX,,Unkn,,,30.65117225,30.65117225,0,NaN,NaN,NaN,0,55,
A01,Texas Red,,Unkn,,,NaN,0,0,NaN,NaN,0,0,55,
A02,Cy5,,Unkn,,,NaN,0,0,NaN,NaN,0,0,55,
A02,FAM,,Unkn,,,33.29771534,33.29771534,0,NaN,NaN,NaN,0,55,
A02,HEX,,Unkn,,,32.95962363,32.95962363,0,NaN,NaN,NaN,0,55,
A02,Texas Red,,Unkn,,,NaN,0,0,NaN,NaN,0,0,55,
A03,Cy5,,Unkn,,,NaN,0,0,NaN,NaN,0,0,55,
A03,FAM,,Unkn,,,NaN,0,0,NaN,NaN,0,0,55,
A03,HEX,,Unkn,,,NaN,0,0,NaN,NaN,0,0,55,
A03,Texas Red,,Unkn,,,NaN,0,0,NaN,NaN,0,0,55,
A04,Cy5,,Unkn,,,NaN,0,0,NaN,NaN,0,0,55,
A04,FAM,,Unkn,,,NaN,0,0,NaN,NaN,0,0,55,
A04,HEX,,Unkn,,,NaN,0,0,NaN,NaN,0,0,55,
A04,Texas Red,,Unkn,,,NaN,0,0,NaN,NaN,0,0,55,
A05,Cy5,,Unkn,,,NaN,0,0,NaN,NaN,0,0,55,
A05,FAM,,Unkn,,,NaN,0,0,NaN,NaN,0,0,55,
A05,HEX,,Unkn,,,NaN,0,0,NaN,NaN,0,0,55,
A05,Texas Red,,Unkn,,,NaN,0,0,NaN,NaN,0,0,55,
A06,Cy5,,Unkn,,,NaN,0,0,NaN,NaN,0,0,55,
A06,FAM,,Unkn,,,NaN,0,0,NaN,NaN,0,0,55,
A06,HEX,,Unkn,,,NaN,0,0,NaN,NaN,0,0,55,
A06,Texas Red,,Unkn,,,NaN,0,0,NaN,NaN,0,0,55,
A07,Cy5,,Unkn,,,NaN,0,0,NaN,NaN,0,0,55,
A07,FAM,,Unkn,,,NaN,0,0,NaN,NaN,0,0,55,
A07,HEX,,Unkn,,,NaN,0,0,NaN,NaN,0,0,55,
A07,Texas Red,,Unkn,,,NaN,0,0,NaN,NaN,0,0,55,
A08,Cy5,,Unkn,,,NaN,0,0,NaN,NaN,0,0,55,
A08,FAM,,Unkn,,,NaN,0,0,NaN,NaN,0,0,55,
A08,HEX,,Unkn,,,NaN,0,0,NaN,NaN,0,0,55,
A08,Texas Red,,Unkn,,,NaN,0,0,NaN,NaN,0,0,55,
A09,Cy5,,Unkn,,,NaN,0,0,NaN,NaN,0,0,55,
A09,FAM,,Unkn,,,NaN,0,0,NaN,NaN,0,0,55,
A09,HEX,,Unkn,,,NaN,0,0,NaN,NaN,0,0,55,
A09,Texas Red,,Unkn,,,NaN,0,0,NaN,NaN,0,0,55,
A10,Cy5,,Unkn,,,NaN,0,0,NaN,NaN,0,0,55,
A10,FAM,,Unkn,,,NaN,0,0,NaN,NaN,0,0,55,
A10,HEX,,Unkn,,,NaN,0,0,NaN,NaN,0,0,55,
A10,Texas Red,,Unkn,,,NaN,0,0,NaN,NaN,0,0,55,
A11,Cy5,,Unkn,,,NaN,0,0,NaN,NaN,0,0,55,
A11,FAM,,Unkn,,,NaN,0,0,NaN,NaN,0,0,55,
A11,HEX,,Unkn,,,NaN,0,0,NaN,NaN,0,0,55,
A11,Texas Red,,Unkn,,,NaN,0,0,NaN,NaN,0,0,55,
A12,Cy5,,Unkn,,,NaN,0,0,NaN,NaN,0,0,55,
A12,FAM,,Unkn,,,NaN,0,0,NaN,NaN,0,0,55,
A12,HEX,,Unkn,,,NaN,0,0,NaN,NaN,0,0,55,
A12,Texas Red,,Unkn,,,NaN,0,0,NaN,NaN,0,0,55,
A13,Cy5,,Unkn,,,25.34130752,25.34130752,0,NaN,NaN,NaN,0,55,
A13,FAM,,Unkn,,,34.61832423,34.61832423,0,NaN,NaN,NaN,0,55,
A13,HEX,,Unkn,,,34.73610549,34.73610549,0,NaN,NaN,NaN,0,55,
A13,Texas Red,,Unkn,,,NaN,0,0,NaN,NaN,0,0,55,
A14,Cy5,,Unkn,,,25.43874575,25.43874575,0,NaN,NaN,NaN,0,55,
A14,FAM,,Unkn,,,31.76632131,31.76632131,0,NaN,NaN,NaN,0,55,
A14,HEX,,Unkn,,,NaN,0,0,NaN,NaN,0,0,55,
A14,Texas Red,,Unkn,,,NaN,0,0,NaN,NaN,0,0,55,
A15,Cy5,,Unkn,,,24.66433295,24.66433295,0,NaN,NaN,NaN,0,55,
A15,FAM,,Unkn,,,33.84453908,33.84453908,0,NaN,NaN,NaN,0,55,
A15,HEX,,Unkn,,,34.61211577,34.61211577,0,NaN,NaN,NaN,0,55,
A15,Texas Red,,Unkn,,,NaN,0,0,NaN,NaN,0,0,55,
A16,Cy5,,Unkn,,,25.09798245,25.09798245,0,NaN,NaN,NaN,0,55,
A16,FAM,,Unkn,,,32.07831805,32.07831805,0,NaN,NaN,NaN,0,55,
A16,HEX,,Unkn,,,NaN,0,0,NaN,NaN,0,0,55,
A16,Texas Red,,Unkn,,,NaN,0,0,NaN,NaN,0,0,55,
A17,Cy5,,Unkn,,,NaN,0,0,NaN,NaN,0,0,55,
A17,FAM,,Unkn,,,NaN,0,0,NaN,NaN,0,0,55,
A17,HEX,,Unkn,,,NaN,0,0,NaN,NaN,0,0,55,
A17,Texas Red,,Unkn,,,NaN,0,0,NaN,NaN,0,0,55,
A18,Cy5,,Unkn,,,NaN,0,0,NaN,NaN,0,0,55,
A18,FAM,,Unkn,,,NaN,0,0,NaN,NaN,0,0,55,
A18,HEX,,Unkn,,,NaN,0,0,NaN,NaN,0,0,55,
A18,Texas Red,,Unkn,,,NaN,0,0,NaN,NaN,0,0,55,
A19,Cy5,,Unkn,,,24.20803227,24.20803227,0,NaN,NaN,NaN,0,55,
A19,FAM,,Unkn,,,NaN,0,0,NaN,NaN,0,0,55,
A19,HEX,,Unkn,,,28.45237197,28.45237197,0,NaN,NaN,NaN,0,55,
A19,Texas Red,,Unkn,,,NaN,0,0,NaN,NaN,0,0,55,
A20,Cy5,,Unkn,,,25.23898369,25.23898369,0,NaN,NaN,NaN,0,55,
A20,FAM,,Unkn,,,NaN,0,0,NaN,NaN,0,0,55,
A20,HEX,,Unkn,,,NaN,0,0,NaN,NaN,0,0,55,
A20,Texas Red,,Unkn,,,NaN,0,0,NaN,NaN,0,0,55,
A21,Cy5,,Unkn,,,33.85323216,33.85323216,0,NaN,NaN,NaN,0,55,
A21,FAM,,Unkn,,,21.25806651,21.25806651,0,NaN,NaN,NaN,0,55,
A21,HEX,,Unkn,,,29.04017501,29.04017501,0,NaN,NaN,NaN,0,55,
A21,Texas Red,,Unkn,,,NaN,0,0,NaN,NaN,0,0,55,
A22,Cy5,,Unkn,,,34.47765352,34.47765352,0,NaN,NaN,NaN,0,55,
A22,FAM,,Unkn,,,22.68704862,22.68704862,0,NaN,NaN,NaN,0,55,
A22,HEX,,Unkn,,,NaN,0,0,NaN,NaN,0,0,55,
A22,Texas Red,,Unkn,,,NaN,0,0,NaN,NaN,0,0,55,
A23,Cy5,,Unkn,,,NaN,0,0,NaN,NaN,0,0,55,
A23,FAM,,Unkn,,,NaN,0,0,NaN,NaN,0,0,55,
A23,HEX,,Unkn,,,NaN,0,0,NaN,NaN,0,0,55,
A23,Texas Red,,Unkn,,,NaN,0,0,NaN,NaN,0,0,55,
A24,Cy5,,Unkn,,,NaN,0,0,NaN,NaN,0,0,55,
A24,FAM,,Unkn,,,NaN,0,0,NaN,NaN,0,0,55,
A24,HEX,,Unkn,,,NaN,0,0,NaN,NaN,0,0,55,
A24,Texas Red,,Unkn,,,NaN,0,0,NaN,NaN,0,0,55,
B01,Cy5,,Unkn,,,NaN,0,0,NaN,NaN,0,0,55,
B01,FAM,,Unkn,,,NaN,0,0,NaN,NaN,0,0,55,
B01,HEX,,Unkn,,,NaN,0,0,NaN,NaN,0,0,55,
B01,Texas Red,,Unkn,,,NaN,0,0,NaN,NaN,0,0,55,
B02,Cy5,,Unkn,,,NaN,0,0,NaN,NaN,0,0,55,
B02,FAM,,Unkn,,,NaN,0,0,NaN,NaN,0,0,55,
B02,HEX,,Unkn,,,NaN,0,0,NaN,NaN,0,0,55,
B02,Texas Red,,Unkn,,,NaN,0,0,NaN,NaN,0,0,55,
B03,Cy5,,Unkn,,,NaN,0,0,NaN,NaN,0,0,55,
B03,FAM,,Unkn,,,NaN,0,0,NaN,NaN,0,0,55,
B03,HEX,,Unkn,,,34.69219412,34.69219412,0,NaN,NaN,NaN,0,55,
B03,Texas Red,,Unkn,,,NaN,0,0,NaN,NaN,0,0,55,
B04,Cy5,,Unkn,,,NaN,0,0,NaN,NaN,0,0,55,
B04,FAM,,Unkn,,,35.90297718,35.90297718,0,NaN,NaN,NaN,0,55,
B04,HEX,,Unkn,,,NaN,0,0,NaN,NaN,0,0,55,
B04,Texas Red,,Unkn,,,NaN,0,0,NaN,NaN,0,0,55,
B05,Cy5,,Unkn,,,NaN,0,0,NaN,NaN,0,0,55,
B05,FAM,,Unkn,,,NaN,0,0,NaN,NaN,0,0,55,
B05,HEX,,Unkn,,,NaN,0,0,NaN,NaN,0,0,55,
B05,Texas Red,,Unkn,,,NaN,0,0,NaN,NaN,0,0,55,
B06,Cy5,,Unkn,,,NaN,0,0,NaN,NaN,0,0,55,
B06,FAM,,Unkn,,,NaN,0,0,NaN,NaN,0,0,55,
B06,HEX,,Unkn,,,NaN,0,0,NaN,NaN,0,0,55,
B06,Texas Red,,Unkn,,,NaN,0,0,NaN,NaN,0,0,55,
B07,Cy5,,Unkn,,,NaN,0,0,NaN,NaN,0,0,55,
B07,FAM,,Unkn,,,NaN,0,0,NaN,NaN,0,0,55,
B07,HEX,,Unkn,,,NaN,0,0,NaN,NaN,0,0,55,
B07,Texas Red,,Unkn,,,NaN,0,0,NaN,NaN,0,0,55,
B08,Cy5,,Unkn,,,NaN,0,0,NaN,NaN,0,0,55,
B08,FAM,,Unkn,,,NaN,0,0,NaN,NaN,0,0,55,
B08,HEX,,Unkn,,,NaN,0,0,NaN,NaN,0,0,55,
B08,Texas Red,,Unkn,,,NaN,0,0,NaN,NaN,0,0,55,
B09,Cy5,,Unkn,,,NaN,0,0,NaN,NaN,0,0,55,
B09,FAM,,Unkn,,,NaN,0,0,NaN,NaN,0,0,55,
B09,HEX,,Unkn,,,NaN,0,0,NaN,NaN,0,0,55,
B09,Texas Red,,Unkn,,,NaN,0,0,NaN,NaN,0,0,55,
B10,Cy5,,Unkn,,,NaN,0,0,NaN,NaN,0,0,55,
B10,FAM,,Unkn,,,NaN,0,0,NaN,NaN,0,0,55,
B10,HEX,,Unkn,,,NaN,0,0,NaN,NaN,0,0,55,
B10,Texas Red,,Unkn,,,NaN,0,0,NaN,NaN,0,0,55,
B11,Cy5,,Unkn,,,NaN,0,0,NaN,NaN,0,0,55,
B11,FAM,,Unkn,,,NaN,0,0,NaN,NaN,0,0,55,
B11,HEX,,Unkn,,,NaN,0,0,NaN,NaN,0,0,55,
B11,Texas Red,,Unkn,,,NaN,0,0,NaN,NaN,0,0,55,
B12,Cy5,,Unkn,,,NaN,0,0,NaN,NaN,0,0,55,
B12,FAM,,Unkn,,,NaN,0,0,NaN,NaN,0,0,55,
B12,HEX,,Unkn,,,NaN,0,0,NaN,NaN,0,0,55,
B12,Texas Red,,Unkn,,,NaN,0,0,NaN,NaN,0,0,55,
B13,Cy5,,Unkn,,,NaN,0,0,NaN,NaN,0,0,55,
B13,FAM,,Unkn,,,NaN,0,0,NaN,NaN,0,0,55,
B13,HEX,,Unkn,,,NaN,0,0,NaN,NaN,0,0,55,
B13,Texas Red,,Unkn,,,NaN,0,0,NaN,NaN,0,0,55,
B14,Cy5,,Unkn,,,NaN,0,0,NaN,NaN,0,0,55,
B14,FAM,,Unkn,,,NaN,0,0,NaN,NaN,0,0,55,
B14,HEX,,Unkn,,,NaN,0,0,NaN,NaN,0,0,55,
B14,Texas Red,,Unkn,,,NaN,0,0,NaN,NaN,0,0,55,
B15,Cy5,,Unkn,,,NaN,0,0,NaN,NaN,0,0,55,
B15,FAM,,Unkn,,,NaN,0,0,NaN,NaN,0,0,55,
B15,HEX,,Unkn,,,NaN,0,0,NaN,NaN,0,0,55,
B15,Texas Red,,Unkn,,,NaN,0,0,NaN,NaN,0,0,55,
B16,Cy5,,Unkn,,,NaN,0,0,NaN,NaN,0,0,55,
B16,FAM,,Unkn,,,NaN,0,0,NaN,NaN,0,0,55,
B16,HEX,,Unkn,,,NaN,0,0,NaN,NaN,0,0,55,
B16,Texas Red,,Unkn,,,NaN,0,0,NaN,NaN,0,0,55,
B17,Cy5,,Unkn,,,NaN,0,0,NaN,NaN,0,0,55,
B17,FAM,,Unkn,,,NaN,0,0,NaN,NaN,0,0,55,
B17,HEX,,Unkn,,,NaN,0,0,NaN,NaN,0,0,55,
B17,Texas Red,,Unkn,,,NaN,0,0,NaN,NaN,0,0,55,
B18,Cy5,,Unkn,,,NaN,0,0,NaN,NaN,0,0,55,
B18,FAM,,Unkn,,,NaN,0,0,NaN,NaN,0,0,55,
B18,HEX,,Unkn,,,NaN,0,0,NaN,NaN,0,0,55,
B18,Texas Red,,Unkn,,,NaN,0,0,NaN,NaN,0,0,55,
B19,Cy5,,Unkn,,,NaN,0,0,NaN,NaN,0,0,55,
B19,FAM,,Unkn,,,NaN,0,0,NaN,NaN,0,0,55,
B19,HEX,,Unkn,,,NaN,0,0,NaN,NaN,0,0,55,
B19,Texas Red,,Unkn,,,NaN,0,0,NaN,NaN,0,0,55,
B20,Cy5,,Unkn,,,NaN,0,0,NaN,NaN,0,0,55,
B20,FAM,,Unkn,,,NaN,0,0,NaN,NaN,0,0,55,
B20,HEX,,Unkn,,,NaN,0,0,NaN,NaN,0,0,55,
B20,Texas Red,,Unkn,,,NaN,0,0,NaN,NaN,0,0,55,
B21,Cy5,,Unkn,,,NaN,0,0,NaN,NaN,0,0,55,
B21,FAM,,Unkn,,,NaN,0,0,NaN,NaN,0,0,55,
B21,HEX,,Unkn,,,NaN,0,0,NaN,NaN,0,0,55,
B21,Texas Red,,Unkn,,,NaN,0,0,NaN,NaN,0,0,55,
B22,Cy5,,Unkn,,,NaN,0,0,NaN,NaN,0,0,55,
B22,FAM,,Unkn,,,NaN,0,0,NaN,NaN,0,0,55,
B22,HEX,,Unkn,,,NaN,0,0,NaN,NaN,0,0,55,
B22,Texas Red,,Unkn,,,NaN,0,0,NaN,NaN,0,0,55,
B23,Cy5,,Unkn,,,NaN,0,0,NaN,NaN,0,0,55,
B23,FAM,,Unkn,,,NaN,0,0,NaN,NaN,0,0,55,
B23,HEX,,Unkn,,,NaN,0,0,NaN,NaN,0,0,55,
B23,Texas Red,,Unkn,,,NaN,0,0,NaN,NaN,0,0,55,
B24,Cy5,,Unkn,,,NaN,0,0,NaN,NaN,0,0,55,
B24,FAM,,Unkn,,,NaN,0,0,NaN,NaN,0,0,55,
B24,HEX,,Unkn,,,NaN,0,0,NaN,NaN,0,0,55,
B24,Texas Red,,Unkn,,,NaN,0,0,NaN,NaN,0,0,55,
C01,Cy5,,Unkn,,,NaN,0,0,NaN,NaN,0,0,55,
C01,FAM,,Unkn,,,NaN,0,0,NaN,NaN,0,0,55,
C01,HEX,,Unkn,,,NaN,0,0,NaN,NaN,0,0,55,
C01,Texas Red,,Unkn,,,NaN,0,0,NaN,NaN,0,0,55,
C02,Cy5,,Unkn,,,NaN,0,0,NaN,NaN,0,0,55,
C02,FAM,,Unkn,,,34.66121239,34.66121239,0,NaN,NaN,NaN,0,55,
C02,HEX,,Unkn,,,NaN,0,0,NaN,NaN,0,0,55,
C02,Texas Red,,Unkn,,,NaN,0,0,NaN,NaN,0,0,55,
C03,Cy5,,Unkn,,,NaN,0,0,NaN,NaN,0,0,55,
C03,FAM,,Unkn,,,NaN,0,0,NaN,NaN,0,0,55,
C03,HEX,,Unkn,,,NaN,0,0,NaN,NaN,0,0,55,
C03,Texas Red,,Unkn,,,NaN,0,0,NaN,NaN,0,0,55,
C04,Cy5,,Unkn,,,NaN,0,0,NaN,NaN,0,0,55,
C04,FAM,,Unkn,,,NaN,0,0,NaN,NaN,0,0,55,
C04,HEX,,Unkn,,,NaN,0,0,NaN,NaN,0,0,55,
C04,Texas Red,,Unkn,,,NaN,0,0,NaN,NaN,0,0,55,
C05,Cy5,,Unkn,,,NaN,0,0,NaN,NaN,0,0,55,
C05,FAM,,Unkn,,,NaN,0,0,NaN,NaN,0,0,55,
C05,HEX,,Unkn,,,NaN,0,0,NaN,NaN,0,0,55,
C05,Texas Red,,Unkn,,,NaN,0,0,NaN,NaN,0,0,55,
C06,Cy5,,Unkn,,,NaN,0,0,NaN,NaN,0,0,55,
C06,FAM,,Unkn,,,NaN,0,0,NaN,NaN,0,0,55,
C06,HEX,,Unkn,,,NaN,0,0,NaN,NaN,0,0,55,
C06,Texas Red,,Unkn,,,NaN,0,0,NaN,NaN,0,0,55,
C07,Cy5,,Unkn,,,NaN,0,0,NaN,NaN,0,0,55,
C07,FAM,,Unkn,,,NaN,0,0,NaN,NaN,0,0,55,
C07,HEX,,Unkn,,,NaN,0,0,NaN,NaN,0,0,55,
C07,Texas Red,,Unkn,,,NaN,0,0,NaN,NaN,0,0,55,
C08,Cy5,,Unkn,,,NaN,0,0,NaN,NaN,0,0,55,
C08,FAM,,Unkn,,,NaN,0,0,NaN,NaN,0,0,55,
C08,HEX,,Unkn,,,NaN,0,0,NaN,NaN,0,0,55,
C08,Texas Red,,Unkn,,,NaN,0,0,NaN,NaN,0,0,55,
C09,Cy5,,Unkn,,,NaN,0,0,NaN,NaN,0,0,55,
C09,FAM,,Unkn,,,NaN,0,0,NaN,NaN,0,0,55,
C09,HEX,,Unkn,,,NaN,0,0,NaN,NaN,0,0,55,
C09,Texas Red,,Unkn,,,NaN,0,0,NaN,NaN,0,0,55,
C10,Cy5,,Unkn,,,NaN,0,0,NaN,NaN,0,0,55,
C10,FAM,,Unkn,,,NaN,0,0,NaN,NaN,0,0,55,
C10,HEX,,Unkn,,,NaN,0,0,NaN,NaN,0,0,55,
C10,Texas Red,,Unkn,,,NaN,0,0,NaN,NaN,0,0,55,
C11,Cy5,,Unkn,,,NaN,0,0,NaN,NaN,0,0,55,
C11,FAM,,Unkn,,,NaN,0,0,NaN,NaN,0,0,55,
C11,HEX,,Unkn,,,NaN,0,0,NaN,NaN,0,0,55,
C11,Texas Red,,Unkn,,,NaN,0,0,NaN,NaN,0,0,55,
C12,Cy5,,Unkn,,,NaN,0,0,NaN,NaN,0,0,55,
C12,FAM,,Unkn,,,NaN,0,0,NaN,NaN,0,0,55,
C12,HEX,,Unkn,,,NaN,0,0,NaN,NaN,0,0,55,
C12,Texas Red,,Unkn,,,NaN,0,0,NaN,NaN,0,0,55,
C13,Cy5,,Unkn,,,24.17888772,24.17888772,0,NaN,NaN,NaN,0,55,
C13,FAM,,Unkn,,,31.96271267,31.96271267,0,NaN,NaN,NaN,0,55,
C13,HEX,,Unkn,,,29.44341942,29.44341942,0,NaN,NaN,NaN,0,55,
C13,Texas Red,,Unkn,,,NaN,0,0,NaN,NaN,0,0,55,
C14,Cy5,,Unkn,,,24.27593477,24.27593477,0,NaN,NaN,NaN,0,55,
C14,FAM,,Unkn,,,28.06896251,28.06896251,0,NaN,NaN,NaN,0,55,
C14,HEX,,Unkn,,,27.20776066,27.20776066,0,NaN,NaN,NaN,0,55,
C14,Texas Red,,Unkn,,,NaN,0,0,NaN,NaN,0,0,55,
C15,Cy5,,Unkn,,,24.61350244,24.61350244,0,NaN,NaN,NaN,0,55,
C15,FAM,,Unkn,,,32.54940952,32.54940952,0,NaN,NaN,NaN,0,55,
C15,HEX,,Unkn,,,29.11863741,29.11863741,0,NaN,NaN,NaN,0,55,
C15,Texas Red,,Unkn,,,NaN,0,0,NaN,NaN,0,0,55,
C16,Cy5,,Unkn,,,25.11883636,25.11883636,0,NaN,NaN,NaN,0,55,
C16,FAM,,Unkn,,,28.71037907,28.71037907,0,NaN,NaN,NaN,0,55,
C16,HEX,,Unkn,,,26.99234546,26.99234546,0,NaN,NaN,NaN,0,55,
C16,Texas Red,,Unkn,,,NaN,0,0,NaN,NaN,0,0,55,
C17,Cy5,,Unkn,,,NaN,0,0,NaN,NaN,0,0,55,
C17,FAM,,Unkn,,,NaN,0,0,NaN,NaN,0,0,55,
C17,HEX,,Unkn,,,NaN,0,0,NaN,NaN,0,0,55,
C17,Texas Red,,Unkn,,,NaN,0,0,NaN,NaN,0,0,55,
C18,Cy5,,Unkn,,,NaN,0,0,NaN,NaN,0,0,55,
C18,FAM,,Unkn,,,NaN,0,0,NaN,NaN,0,0,55,
C18,HEX,,Unkn,,,NaN,0,0,NaN,NaN,0,0,55,
C18,Texas Red,,Unkn,,,NaN,0,0,NaN,NaN,0,0,55,
C19,Cy5,,Unkn,,,NaN,0,0,NaN,NaN,0,0,55,
C19,FAM,,Unkn,,,NaN,0,0,NaN,NaN,0,0,55,
C19,HEX,,Unkn,,,NaN,0,0,NaN,NaN,0,0,55,
C19,Texas Red,,Unkn,,,NaN,0,0,NaN,NaN,0,0,55,
C20,Cy5,,Unkn,,,NaN,0,0,NaN,NaN,0,0,55,
C20,FAM,,Unkn,,,NaN,0,0,NaN,NaN,0,0,55,
C20,HEX,,Unkn,,,NaN,0,0,NaN,NaN,0,0,55,
C20,Texas Red,,Unkn,,,NaN,0,0,NaN,NaN,0,0,55,
C21,Cy5,,Unkn,,,NaN,0,0,NaN,NaN,0,0,55,
C21,FAM,,Unkn,,,NaN,0,0,NaN,NaN,0,0,55,
C21,HEX,,Unkn,,,NaN,0,0,NaN,NaN,0,0,55,
C21,Texas Red,,Unkn,,,NaN,0,0,NaN,NaN,0,0,55,
C22,Cy5,,Unkn,,,NaN,0,0,NaN,NaN,0,0,55,
C22,FAM,,Unkn,,,NaN,0,0,NaN,NaN,0,0,55,
C22,HEX,,Unkn,,,NaN,0,0,NaN,NaN,0,0,55,
C22,Texas Red,,Unkn,,,NaN,0,0,NaN,NaN,0,0,55,
C23,Cy5,,Unkn,,,NaN,0,0,NaN,NaN,0,0,55,
C23,FAM,,Unkn,,,NaN,0,0,NaN,NaN,0,0,55,
C23,HEX,,Unkn,,,NaN,0,0,NaN,NaN,0,0,55,
C23,Texas Red,,Unkn,,,NaN,0,0,NaN,NaN,0,0,55,
C24,Cy5,,Unkn,,,NaN,0,0,NaN,NaN,0,0,55,
C24,FAM,,Unkn,,,NaN,0,0,NaN,NaN,0,0,55,
C24,HEX,,Unkn,,,NaN,0,0,NaN,NaN,0,0,55,
C24,Texas Red,,Unkn,,,NaN,0,0,NaN,NaN,0,0,55,
D01,Cy5,,Unkn,,,NaN,0,0,NaN,NaN,0,0,55,
D01,FAM,,Unkn,,,NaN,0,0,NaN,NaN,0,0,55,
D01,HEX,,Unkn,,,NaN,0,0,NaN,NaN,0,0,55,
D01,Texas Red,,Unkn,,,NaN,0,0,NaN,NaN,0,0,55,
D02,Cy5,,Unkn,,,NaN,0,0,NaN,NaN,0,0,55,
D02,FAM,,Unkn,,,36.06705123,36.06705123,0,NaN,NaN,NaN,0,55,
D02,HEX,,Unkn,,,33.61844313,33.61844313,0,NaN,NaN,NaN,0,55,
D02,Texas Red,,Unkn,,,NaN,0,0,NaN,NaN,0,0,55,
D03,Cy5,,Unkn,,,NaN,0,0,NaN,NaN,0,0,55,
D03,FAM,,Unkn,,,33.14147314,33.14147314,0,NaN,NaN,NaN,0,55,
D03,HEX,,Unkn,,,NaN,0,0,NaN,NaN,0,0,55,
D03,Texas Red,,Unkn,,,NaN,0,0,NaN,NaN,0,0,55,
D04,Cy5,,Unkn,,,NaN,0,0,NaN,NaN,0,0,55,
D04,FAM,,Unkn,,,35.03397974,35.03397974,0,NaN,NaN,NaN,0,55,
D04,HEX,,Unkn,,,34.78758537,34.78758537,0,NaN,NaN,NaN,0,55,
D04,Texas Red,,Unkn,,,NaN,0,0,NaN,NaN,0,0,55,
D05,Cy5,,Unkn,,,NaN,0,0,NaN,NaN,0,0,55,
D05,FAM,,Unkn,,,NaN,0,0,NaN,NaN,0,0,55,
D05,HEX,,Unkn,,,NaN,0,0,NaN,NaN,0,0,55,
D05,Texas Red,,Unkn,,,NaN,0,0,NaN,NaN,0,0,55,
D06,Cy5,,Unkn,,,NaN,0,0,NaN,NaN,0,0,55,
D06,FAM,,Unkn,,,NaN,0,0,NaN,NaN,0,0,55,
D06,HEX,,Unkn,,,NaN,0,0,NaN,NaN,0,0,55,
D06,Texas Red,,Unkn,,,NaN,0,0,NaN,NaN,0,0,55,
D07,Cy5,,Unkn,,,NaN,0,0,NaN,NaN,0,0,55,
D07,FAM,,Unkn,,,NaN,0,0,NaN,NaN,0,0,55,
D07,HEX,,Unkn,,,NaN,0,0,NaN,NaN,0,0,55,
D07,Texas Red,,Unkn,,,NaN,0,0,NaN,NaN,0,0,55,
D08,Cy5,,Unkn,,,NaN,0,0,NaN,NaN,0,0,55,
D08,FAM,,Unkn,,,NaN,0,0,NaN,NaN,0,0,55,
D08,HEX,,Unkn,,,NaN,0,0,NaN,NaN,0,0,55,
D08,Texas Red,,Unkn,,,NaN,0,0,NaN,NaN,0,0,55,
D09,Cy5,,Unkn,,,NaN,0,0,NaN,NaN,0,0,55,
D09,FAM,,Unkn,,,NaN,0,0,NaN,NaN,0,0,55,
D09,HEX,,Unkn,,,NaN,0,0,NaN,NaN,0,0,55,
D09,Texas Red,,Unkn,,,NaN,0,0,NaN,NaN,0,0,55,
D10,Cy5,,Unkn,,,NaN,0,0,NaN,NaN,0,0,55,
D10,FAM,,Unkn,,,NaN,0,0,NaN,NaN,0,0,55,
D10,HEX,,Unkn,,,NaN,0,0,NaN,NaN,0,0,55,
D10,Texas Red,,Unkn,,,NaN,0,0,NaN,NaN,0,0,55,
D11,Cy5,,Unkn,,,NaN,0,0,NaN,NaN,0,0,55,
D11,FAM,,Unkn,,,NaN,0,0,NaN,NaN,0,0,55,
D11,HEX,,Unkn,,,NaN,0,0,NaN,NaN,0,0,55,
D11,Texas Red,,Unkn,,,NaN,0,0,NaN,NaN,0,0,55,
D12,Cy5,,Unkn,,,NaN,0,0,NaN,NaN,0,0,55,
D12,FAM,,Unkn,,,NaN,0,0,NaN,NaN,0,0,55,
D12,HEX,,Unkn,,,NaN,0,0,NaN,NaN,0,0,55,
D12,Texas Red,,Unkn,,,NaN,0,0,NaN,NaN,0,0,55,
D13,Cy5,,Unkn,,,NaN,0,0,NaN,NaN,0,0,55,
D13,FAM,,Unkn,,,NaN,0,0,NaN,NaN,0,0,55,
D13,HEX,,Unkn,,,NaN,0,0,NaN,NaN,0,0,55,
D13,Texas Red,,Unkn,,,NaN,0,0,NaN,NaN,0,0,55,
D14,Cy5,,Unkn,,,NaN,0,0,NaN,NaN,0,0,55,
D14,FAM,,Unkn,,,NaN,0,0,NaN,NaN,0,0,55,
D14,HEX,,Unkn,,,NaN,0,0,NaN,NaN,0,0,55,
D14,Texas Red,,Unkn,,,NaN,0,0,NaN,NaN,0,0,55,
D15,Cy5,,Unkn,,,NaN,0,0,NaN,NaN,0,0,55,
D15,FAM,,Unkn,,,NaN,0,0,NaN,NaN,0,0,55,
D15,HEX,,Unkn,,,NaN,0,0,NaN,NaN,0,0,55,
D15,Texas Red,,Unkn,,,NaN,0,0,NaN,NaN,0,0,55,
D16,Cy5,,Unkn,,,NaN,0,0,NaN,NaN,0,0,55,
D16,FAM,,Unkn,,,NaN,0,0,NaN,NaN,0,0,55,
D16,HEX,,Unkn,,,NaN,0,0,NaN,NaN,0,0,55,
D16,Texas Red,,Unkn,,,NaN,0,0,NaN,NaN,0,0,55,
D17,Cy5,,Unkn,,,NaN,0,0,NaN,NaN,0,0,55,
D17,FAM,,Unkn,,,NaN,0,0,NaN,NaN,0,0,55,
D17,HEX,,Unkn,,,NaN,0,0,NaN,NaN,0,0,55,
D17,Texas Red,,Unkn,,,NaN,0,0,NaN,NaN,0,0,55,
D18,Cy5,,Unkn,,,NaN,0,0,NaN,NaN,0,0,55,
D18,FAM,,Unkn,,,NaN,0,0,NaN,NaN,0,0,55,
D18,HEX,,Unkn,,,NaN,0,0,NaN,NaN,0,0,55,
D18,Texas Red,,Unkn,,,NaN,0,0,NaN,NaN,0,0,55,
D19,Cy5,,Unkn,,,NaN,0,0,NaN,NaN,0,0,55,
D19,FAM,,Unkn,,,NaN,0,0,NaN,NaN,0,0,55,
D19,HEX,,Unkn,,,NaN,0,0,NaN,NaN,0,0,55,
D19,Texas Red,,Unkn,,,NaN,0,0,NaN,NaN,0,0,55,
D20,Cy5,,Unkn,,,NaN,0,0,NaN,NaN,0,0,55,
D20,FAM,,Unkn,,,NaN,0,0,NaN,NaN,0,0,55,
D20,HEX,,Unkn,,,NaN,0,0,NaN,NaN,0,0,55,
D20,Texas Red,,Unkn,,,NaN,0,0,NaN,NaN,0,0,55,
D21,Cy5,,Unkn,,,NaN,0,0,NaN,NaN,0,0,55,
D21,FAM,,Unkn,,,NaN,0,0,NaN,NaN,0,0,55,
D21,HEX,,Unkn,,,NaN,0,0,NaN,NaN,0,0,55,
D21,Texas Red,,Unkn,,,NaN,0,0,NaN,NaN,0,0,55,
D22,Cy5,,Unkn,,,NaN,0,0,NaN,NaN,0,0,55,
D22,FAM,,Unkn,,,NaN,0,0,NaN,NaN,0,0,55,
D22,HEX,,Unkn,,,NaN,0,0,NaN,NaN,0,0,55,
D22,Texas Red,,Unkn,,,NaN,0,0,NaN,NaN,0,0,55,
D23,Cy5,,Unkn,,,NaN,0,0,NaN,NaN,0,0,55,
D23,FAM,,Unkn,,,NaN,0,0,NaN,NaN,0,0,55,
D23,HEX,,Unkn,,,NaN,0,0,NaN,NaN,0,0,55,
D23,Texas Red,,Unkn,,,NaN,0,0,NaN,NaN,0,0,55,
D24,Cy5,,Unkn,,,NaN,0,0,NaN,NaN,0,0,55,
D24,FAM,,Unkn,,,NaN,0,0,NaN,NaN,0,0,55,
D24,HEX,,Unkn,,,NaN,0,0,NaN,NaN,0,0,55,
D24,Texas Red,,Unkn,,,NaN,0,0,NaN,NaN,0,0,55,
E01,Cy5,,Unkn,,,NaN,0,0,NaN,NaN,0,0,55,
E01,FAM,,Unkn,,,34.26289323,34.26289323,0,NaN,NaN,NaN,0,55,
E01,HEX,,Unkn,,,32.89938654,32.89938654,0,NaN,NaN,NaN,0,55,
E01,Texas Red,,Unkn,,,NaN,0,0,NaN,NaN,0,0,55,
E02,Cy5,,Unkn,,,NaN,0,0,NaN,NaN,0,0,55,
E02,FAM,,Unkn,,,NaN,0,0,NaN,NaN,0,0,55,
E02,HEX,,Unkn,,,NaN,0,0,NaN,NaN,0,0,55,
E02,Texas Red,,Unkn,,,NaN,0,0,NaN,NaN,0,0,55,
E03,Cy5,,Unkn,,,NaN,0,0,NaN,NaN,0,0,55,
E03,FAM,,Unkn,,,NaN,0,0,NaN,NaN,0,0,55,
E03,HEX,,Unkn,,,NaN,0,0,NaN,NaN,0,0,55,
E03,Texas Red,,Unkn,,,NaN,0,0,NaN,NaN,0,0,55,
E04,Cy5,,Unkn,,,NaN,0,0,NaN,NaN,0,0,55,
E04,FAM,,Unkn,,,NaN,0,0,NaN,NaN,0,0,55,
E04,HEX,,Unkn,,,NaN,0,0,NaN,NaN,0,0,55,
E04,Texas Red,,Unkn,,,NaN,0,0,NaN,NaN,0,0,55,
E05,Cy5,,Unkn,,,NaN,0,0,NaN,NaN,0,0,55,
E05,FAM,,Unkn,,,NaN,0,0,NaN,NaN,0,0,55,
E05,HEX,,Unkn,,,NaN,0,0,NaN,NaN,0,0,55,
E05,Texas Red,,Unkn,,,NaN,0,0,NaN,NaN,0,0,55,
E06,Cy5,,Unkn,,,NaN,0,0,NaN,NaN,0,0,55,
E06,FAM,,Unkn,,,NaN,0,0,NaN,NaN,0,0,55,
E06,HEX,,Unkn,,,NaN,0,0,NaN,NaN,0,0,55,
E06,Texas Red,,Unkn,,,NaN,0,0,NaN,NaN,0,0,55,
E07,Cy5,,Unkn,,,NaN,0,0,NaN,NaN,0,0,55,
E07,FAM,,Unkn,,,NaN,0,0,NaN,NaN,0,0,55,
E07,HEX,,Unkn,,,NaN,0,0,NaN,NaN,0,0,55,
E07,Texas Red,,Unkn,,,NaN,0,0,NaN,NaN,0,0,55,
E08,Cy5,,Unkn,,,NaN,0,0,NaN,NaN,0,0,55,
E08,FAM,,Unkn,,,NaN,0,0,NaN,NaN,0,0,55,
E08,HEX,,Unkn,,,NaN,0,0,NaN,NaN,0,0,55,
E08,Texas Red,,Unkn,,,NaN,0,0,NaN,NaN,0,0,55,
E09,Cy5,,Unkn,,,NaN,0,0,NaN,NaN,0,0,55,
E09,FAM,,Unkn,,,NaN,0,0,NaN,NaN,0,0,55,
E09,HEX,,Unkn,,,NaN,0,0,NaN,NaN,0,0,55,
E09,Texas Red,,Unkn,,,NaN,0,0,NaN,NaN,0,0,55,
E10,Cy5,,Unkn,,,NaN,0,0,NaN,NaN,0,0,55,
E10,FAM,,Unkn,,,NaN,0,0,NaN,NaN,0,0,55,
E10,HEX,,Unkn,,,NaN,0,0,NaN,NaN,0,0,55,
E10,Texas Red,,Unkn,,,NaN,0,0,NaN,NaN,0,0,55,
E11,Cy5,,Unkn,,,NaN,0,0,NaN,NaN,0,0,55,
E11,FAM,,Unkn,,,NaN,0,0,NaN,NaN,0,0,55,
E11,HEX,,Unkn,,,NaN,0,0,NaN,NaN,0,0,55,
E11,Texas Red,,Unkn,,,NaN,0,0,NaN,NaN,0,0,55,
E12,Cy5,,Unkn,,,NaN,0,0,NaN,NaN,0,0,55,
E12,FAM,,Unkn,,,NaN,0,0,NaN,NaN,0,0,55,
E12,HEX,,Unkn,,,NaN,0,0,NaN,NaN,0,0,55,
E12,Texas Red,,Unkn,,,NaN,0,0,NaN,NaN,0,0,55,
E13,Cy5,,Unkn,,,24.1927198,24.1927198,0,NaN,NaN,NaN,0,55,
E13,FAM,,Unkn,,,34.44313181,34.44313181,0,NaN,NaN,NaN,0,55,
E13,HEX,,Unkn,,,29.70495748,29.70495748,0,NaN,NaN,NaN,0,55,
E13,Texas Red,,Unkn,,,NaN,0,0,NaN,NaN,0,0,55,
E14,Cy5,,Unkn,,,24.68461325,24.68461325,0,NaN,NaN,NaN,0,55,
E14,FAM,,Unkn,,,28.90449987,28.90449987,0,NaN,NaN,NaN,0,55,
E14,HEX,,Unkn,,,27.25038473,27.25038473,0,NaN,NaN,NaN,0,55,
E14,Texas Red,,Unkn,,,NaN,0,0,NaN,NaN,0,0,55,
E15,Cy5,,Unkn,,,NaN,0,0,NaN,NaN,0,0,55,
E15,FAM,,Unkn,,,NaN,0,0,NaN,NaN,0,0,55,
E15,HEX,,Unkn,,,NaN,0,0,NaN,NaN,0,0,55,
E15,Texas Red,,Unkn,,,NaN,0,0,NaN,NaN,0,0,55,
E16,Cy5,,Unkn,,,NaN,0,0,NaN,NaN,0,0,55,
E16,FAM,,Unkn,,,NaN,0,0,NaN,NaN,0,0,55,
E16,HEX,,Unkn,,,NaN,0,0,NaN,NaN,0,0,55,
E16,Texas Red,,Unkn,,,NaN,0,0,NaN,NaN,0,0,55,
E17,Cy5,,Unkn,,,NaN,0,0,NaN,NaN,0,0,55,
E17,FAM,,Unkn,,,NaN,0,0,NaN,NaN,0,0,55,
E17,HEX,,Unkn,,,NaN,0,0,NaN,NaN,0,0,55,
E17,Texas Red,,Unkn,,,NaN,0,0,NaN,NaN,0,0,55,
E18,Cy5,,Unkn,,,NaN,0,0,NaN,NaN,0,0,55,
E18,FAM,,Unkn,,,NaN,0,0,NaN,NaN,0,0,55,
E18,HEX,,Unkn,,,NaN,0,0,NaN,NaN,0,0,55,
E18,Texas Red,,Unkn,,,NaN,0,0,NaN,NaN,0,0,55,
E19,Cy5,,Unkn,,,NaN,0,0,NaN,NaN,0,0,55,
E19,FAM,,Unkn,,,NaN,0,0,NaN,NaN,0,0,55,
E19,HEX,,Unkn,,,NaN,0,0,NaN,NaN,0,0,55,
E19,Texas Red,,Unkn,,,NaN,0,0,NaN,NaN,0,0,55,
E20,Cy5,,Unkn,,,NaN,0,0,NaN,NaN,0,0,55,
E20,FAM,,Unkn,,,NaN,0,0,NaN,NaN,0,0,55,
E20,HEX,,Unkn,,,NaN,0,0,NaN,NaN,0,0,55,
E20,Texas Red,,Unkn,,,NaN,0,0,NaN,NaN,0,0,55,
E21,Cy5,,Unkn,,,NaN,0,0,NaN,NaN,0,0,55,
E21,FAM,,Unkn,,,NaN,0,0,NaN,NaN,0,0,55,
E21,HEX,,Unkn,,,NaN,0,0,NaN,NaN,0,0,55,
E21,Texas Red,,Unkn,,,NaN,0,0,NaN,NaN,0,0,55,
E22,Cy5,,Unkn,,,NaN,0,0,NaN,NaN,0,0,55,
E22,FAM,,Unkn,,,NaN,0,0,NaN,NaN,0,0,55,
E22,HEX,,Unkn,,,NaN,0,0,NaN,NaN,0,0,55,
E22,Texas Red,,Unkn,,,NaN,0,0,NaN,NaN,0,0,55,
E23,Cy5,,Unkn,,,NaN,0,0,NaN,NaN,0,0,55,
E23,FAM,,Unkn,,,NaN,0,0,NaN,NaN,0,0,55,
E23,HEX,,Unkn,,,NaN,0,0,NaN,NaN,0,0,55,
E23,Texas Red,,Unkn,,,NaN,0,0,NaN,NaN,0,0,55,
E24,Cy5,,Unkn,,,NaN,0,0,NaN,NaN,0,0,55,
E24,FAM,,Unkn,,,NaN,0,0,NaN,NaN,0,0,55,
E24,HEX,,Unkn,,,NaN,0,0,NaN,NaN,0,0,55,
E24,Texas Red,,Unkn,,,NaN,0,0,NaN,NaN,0,0,55,
F01,Cy5,,Unkn,,,NaN,0,0,NaN,NaN,0,0,55,
F01,FAM,,Unkn,,,NaN,0,0,NaN,NaN,0,0,55,
F01,HEX,,Unkn,,,NaN,0,0,NaN,NaN,0,0,55,
F01,Texas Red,,Unkn,,,NaN,0,0,NaN,NaN,0,0,55,
F02,Cy5,,Unkn,,,NaN,0,0,NaN,NaN,0,0,55,
F02,FAM,,Unkn,,,NaN,0,0,NaN,NaN,0,0,55,
F02,HEX,,Unkn,,,NaN,0,0,NaN,NaN,0,0,55,
F02,Texas Red,,Unkn,,,NaN,0,0,NaN,NaN,0,0,55,
F03,Cy5,,Unkn,,,NaN,0,0,NaN,NaN,0,0,55,
F03,FAM,,Unkn,,,NaN,0,0,NaN,NaN,0,0,55,
F03,HEX,,Unkn,,,NaN,0,0,NaN,NaN,0,0,55,
F03,Texas Red,,Unkn,,,NaN,0,0,NaN,NaN,0,0,55,
F04,Cy5,,Unkn,,,NaN,0,0,NaN,NaN,0,0,55,
F04,FAM,,Unkn,,,NaN,0,0,NaN,NaN,0,0,55,
F04,HEX,,Unkn,,,NaN,0,0,NaN,NaN,0,0,55,
F04,Texas Red,,Unkn,,,NaN,0,0,NaN,NaN,0,0,55,
F05,Cy5,,Unkn,,,NaN,0,0,NaN,NaN,0,0,55,
F05,FAM,,Unkn,,,NaN,0,0,NaN,NaN,0,0,55,
F05,HEX,,Unkn,,,NaN,0,0,NaN,NaN,0,0,55,
F05,Texas Red,,Unkn,,,NaN,0,0,NaN,NaN,0,0,55,
F06,Cy5,,Unkn,,,NaN,0,0,NaN,NaN,0,0,55,
F06,FAM,,Unkn,,,NaN,0,0,NaN,NaN,0,0,55,
F06,HEX,,Unkn,,,NaN,0,0,NaN,NaN,0,0,55,
F06,Texas Red,,Unkn,,,NaN,0,0,NaN,NaN,0,0,55,
F07,Cy5,,Unkn,,,NaN,0,0,NaN,NaN,0,0,55,
F07,FAM,,Unkn,,,NaN,0,0,NaN,NaN,0,0,55,
F07,HEX,,Unkn,,,NaN,0,0,NaN,NaN,0,0,55,
F07,Texas Red,,Unkn,,,NaN,0,0,NaN,NaN,0,0,55,
F08,Cy5,,Unkn,,,NaN,0,0,NaN,NaN,0,0,55,
F08,FAM,,Unkn,,,NaN,0,0,NaN,NaN,0,0,55,
F08,HEX,,Unkn,,,NaN,0,0,NaN,NaN,0,0,55,
F08,Texas Red,,Unkn,,,NaN,0,0,NaN,NaN,0,0,55,
F09,Cy5,,Unkn,,,NaN,0,0,NaN,NaN,0,0,55,
F09,FAM,,Unkn,,,NaN,0,0,NaN,NaN,0,0,55,
F09,HEX,,Unkn,,,NaN,0,0,NaN,NaN,0,0,55,
F09,Texas Red,,Unkn,,,NaN,0,0,NaN,NaN,0,0,55,
F10,Cy5,,Unkn,,,NaN,0,0,NaN,NaN,0,0,55,
F10,FAM,,Unkn,,,NaN,0,0,NaN,NaN,0,0,55,
F10,HEX,,Unkn,,,NaN,0,0,NaN,NaN,0,0,55,
F10,Texas Red,,Unkn,,,NaN,0,0,NaN,NaN,0,0,55,
F11,Cy5,,Unkn,,,NaN,0,0,NaN,NaN,0,0,55,
F11,FAM,,Unkn,,,NaN,0,0,NaN,NaN,0,0,55,
F11,HEX,,Unkn,,,NaN,0,0,NaN,NaN,0,0,55,
F11,Texas Red,,Unkn,,,NaN,0,0,NaN,NaN,0,0,55,
F12,Cy5,,Unkn,,,NaN,0,0,NaN,NaN,0,0,55,
F12,FAM,,Unkn,,,NaN,0,0,NaN,NaN,0,0,55,
F12,HEX,,Unkn,,,NaN,0,0,NaN,NaN,0,0,55,
F12,Texas Red,,Unkn,,,NaN,0,0,NaN,NaN,0,0,55,
F13,Cy5,,Unkn,,,NaN,0,0,NaN,NaN,0,0,55,
F13,FAM,,Unkn,,,NaN,0,0,NaN,NaN,0,0,55,
F13,HEX,,Unkn,,,NaN,0,0,NaN,NaN,0,0,55,
F13,Texas Red,,Unkn,,,NaN,0,0,NaN,NaN,0,0,55,
F14,Cy5,,Unkn,,,NaN,0,0,NaN,NaN,0,0,55,
F14,FAM,,Unkn,,,NaN,0,0,NaN,NaN,0,0,55,
F14,HEX,,Unkn,,,NaN,0,0,NaN,NaN,0,0,55,
F14,Texas Red,,Unkn,,,NaN,0,0,NaN,NaN,0,0,55,
F15,Cy5,,Unkn,,,NaN,0,0,NaN,NaN,0,0,55,
F15,FAM,,Unkn,,,NaN,0,0,NaN,NaN,0,0,55,
F15,HEX,,Unkn,,,NaN,0,0,NaN,NaN,0,0,55,
F15,Texas Red,,Unkn,,,NaN,0,0,NaN,NaN,0,0,55,
F16,Cy5,,Unkn,,,NaN,0,0,NaN,NaN,0,0,55,
F16,FAM,,Unkn,,,NaN,0,0,NaN,NaN,0,0,55,
F16,HEX,,Unkn,,,NaN,0,0,NaN,NaN,0,0,55,
F16,Texas Red,,Unkn,,,NaN,0,0,NaN,NaN,0,0,55,
F17,Cy5,,Unkn,,,NaN,0,0,NaN,NaN,0,0,55,
F17,FAM,,Unkn,,,NaN,0,0,NaN,NaN,0,0,55,
F17,HEX,,Unkn,,,NaN,0,0,NaN,NaN,0,0,55,
F17,Texas Red,,Unkn,,,NaN,0,0,NaN,NaN,0,0,55,
F18,Cy5,,Unkn,,,NaN,0,0,NaN,NaN,0,0,55,
F18,FAM,,Unkn,,,NaN,0,0,NaN,NaN,0,0,55,
F18,HEX,,Unkn,,,NaN,0,0,NaN,NaN,0,0,55,
F18,Texas Red,,Unkn,,,NaN,0,0,NaN,NaN,0,0,55,
F19,Cy5,,Unkn,,,NaN,0,0,NaN,NaN,0,0,55,
F19,FAM,,Unkn,,,NaN,0,0,NaN,NaN,0,0,55,
F19,HEX,,Unkn,,,NaN,0,0,NaN,NaN,0,0,55,
F19,Texas Red,,Unkn,,,NaN,0,0,NaN,NaN,0,0,55,
F20,Cy5,,Unkn,,,NaN,0,0,NaN,NaN,0,0,55,
F20,FAM,,Unkn,,,NaN,0,0,NaN,NaN,0,0,55,
F20,HEX,,Unkn,,,NaN,0,0,NaN,NaN,0,0,55,
F20,Texas Red,,Unkn,,,NaN,0,0,NaN,NaN,0,0,55,
F21,Cy5,,Unkn,,,NaN,0,0,NaN,NaN,0,0,55,
F21,FAM,,Unkn,,,NaN,0,0,NaN,NaN,0,0,55,
F21,HEX,,Unkn,,,NaN,0,0,NaN,NaN,0,0,55,
F21,Texas Red,,Unkn,,,NaN,0,0,NaN,NaN,0,0,55,
F22,Cy5,,Unkn,,,NaN,0,0,NaN,NaN,0,0,55,
F22,FAM,,Unkn,,,NaN,0,0,NaN,NaN,0,0,55,
F22,HEX,,Unkn,,,NaN,0,0,NaN,NaN,0,0,55,
F22,Texas Red,,Unkn,,,NaN,0,0,NaN,NaN,0,0,55,
F23,Cy5,,Unkn,,,NaN,0,0,NaN,NaN,0,0,55,
F23,FAM,,Unkn,,,NaN,0,0,NaN,NaN,0,0,55,
F23,HEX,,Unkn,,,NaN,0,0,NaN,NaN,0,0,55,
F23,Texas Red,,Unkn,,,NaN,0,0,NaN,NaN,0,0,55,
F24,Cy5,,Unkn,,,NaN,0,0,NaN,NaN,0,0,55,
F24,FAM,,Unkn,,,NaN,0,0,NaN,NaN,0,0,55,
F24,HEX,,Unkn,,,NaN,0,0,NaN,NaN,0,0,55,
F24,Texas Red,,Unkn,,,NaN,0,0,NaN,NaN,0,0,55,
G01,Cy5,,Unkn,,,NaN,0,0,NaN,NaN,0,0,55,
G01,FAM,,Unkn,,,34.30720789,34.30720789,0,NaN,NaN,NaN,0,55,
G01,HEX,,Unkn,,,33.90931394,33.90931394,0,NaN,NaN,NaN,0,55,
G01,Texas Red,,Unkn,,,NaN,0,0,NaN,NaN,0,0,55,
G02,Cy5,,Unkn,,,NaN,0,0,NaN,NaN,0,0,55,
G02,FAM,,Unkn,,,NaN,0,0,NaN,NaN,0,0,55,
G02,HEX,,Unkn,,,NaN,0,0,NaN,NaN,0,0,55,
G02,Texas Red,,Unkn,,,NaN,0,0,NaN,NaN,0,0,55,
G03,Cy5,,Unkn,,,NaN,0,0,NaN,NaN,0,0,55,
G03,FAM,,Unkn,,,NaN,0,0,NaN,NaN,0,0,55,
G03,HEX,,Unkn,,,NaN,0,0,NaN,NaN,0,0,55,
G03,Texas Red,,Unkn,,,NaN,0,0,NaN,NaN,0,0,55,
G04,Cy5,,Unkn,,,NaN,0,0,NaN,NaN,0,0,55,
G04,FAM,,Unkn,,,NaN,0,0,NaN,NaN,0,0,55,
G04,HEX,,Unkn,,,NaN,0,0,NaN,NaN,0,0,55,
G04,Texas Red,,Unkn,,,NaN,0,0,NaN,NaN,0,0,55,
G05,Cy5,,Unkn,,,NaN,0,0,NaN,NaN,0,0,55,
G05,FAM,,Unkn,,,NaN,0,0,NaN,NaN,0,0,55,
G05,HEX,,Unkn,,,NaN,0,0,NaN,NaN,0,0,55,
G05,Texas Red,,Unkn,,,NaN,0,0,NaN,NaN,0,0,55,
G06,Cy5,,Unkn,,,NaN,0,0,NaN,NaN,0,0,55,
G06,FAM,,Unkn,,,NaN,0,0,NaN,NaN,0,0,55,
G06,HEX,,Unkn,,,NaN,0,0,NaN,NaN,0,0,55,
G06,Texas Red,,Unkn,,,NaN,0,0,NaN,NaN,0,0,55,
G07,Cy5,,Unkn,,,NaN,0,0,NaN,NaN,0,0,55,
G07,FAM,,Unkn,,,NaN,0,0,NaN,NaN,0,0,55,
G07,HEX,,Unkn,,,NaN,0,0,NaN,NaN,0,0,55,
G07,Texas Red,,Unkn,,,NaN,0,0,NaN,NaN,0,0,55,
G08,Cy5,,Unkn,,,NaN,0,0,NaN,NaN,0,0,55,
G08,FAM,,Unkn,,,NaN,0,0,NaN,NaN,0,0,55,
G08,HEX,,Unkn,,,NaN,0,0,NaN,NaN,0,0,55,
G08,Texas Red,,Unkn,,,NaN,0,0,NaN,NaN,0,0,55,
G09,Cy5,,Unkn,,,NaN,0,0,NaN,NaN,0,0,55,
G09,FAM,,Unkn,,,NaN,0,0,NaN,NaN,0,0,55,
G09,HEX,,Unkn,,,NaN,0,0,NaN,NaN,0,0,55,
G09,Texas Red,,Unkn,,,NaN,0,0,NaN,NaN,0,0,55,
G10,Cy5,,Unkn,,,NaN,0,0,NaN,NaN,0,0,55,
G10,FAM,,Unkn,,,NaN,0,0,NaN,NaN,0,0,55,
G10,HEX,,Unkn,,,NaN,0,0,NaN,NaN,0,0,55,
G10,Texas Red,,Unkn,,,NaN,0,0,NaN,NaN,0,0,55,
G11,Cy5,,Unkn,,,NaN,0,0,NaN,NaN,0,0,55,
G11,FAM,,Unkn,,,NaN,0,0,NaN,NaN,0,0,55,
G11,HEX,,Unkn,,,NaN,0,0,NaN,NaN,0,0,55,
G11,Texas Red,,Unkn,,,NaN,0,0,NaN,NaN,0,0,55,
G12,Cy5,,Unkn,,,NaN,0,0,NaN,NaN,0,0,55,
G12,FAM,,Unkn,,,NaN,0,0,NaN,NaN,0,0,55,
G12,HEX,,Unkn,,,NaN,0,0,NaN,NaN,0,0,55,
G12,Texas Red,,Unkn,,,NaN,0,0,NaN,NaN,0,0,55,
G13,Cy5,,Unkn,,,24.20502048,24.20502048,0,NaN,NaN,NaN,0,55,
G13,FAM,,Unkn,,,33.51217599,33.51217599,0,NaN,NaN,NaN,0,55,
G13,HEX,,Unkn,,,29.41195006,29.41195006,0,NaN,NaN,NaN,0,55,
G13,Texas Red,,Unkn,,,NaN,0,0,NaN,NaN,0,0,55,
G14,Cy5,,Unkn,,,24.3314628,24.3314628,0,NaN,NaN,NaN,0,55,
G14,FAM,,Unkn,,,29.74097193,29.74097193,0,NaN,NaN,NaN,0,55,
G14,HEX,,Unkn,,,27.74828448,27.74828448,0,NaN,NaN,NaN,0,55,
G14,Texas Red,,Unkn,,,NaN,0,0,NaN,NaN,0,0,55,
G15,Cy5,,Unkn,,,NaN,0,0,NaN,NaN,0,0,55,
G15,FAM,,Unkn,,,NaN,0,0,NaN,NaN,0,0,55,
G15,HEX,,Unkn,,,NaN,0,0,NaN,NaN,0,0,55,
G15,Texas Red,,Unkn,,,NaN,0,0,NaN,NaN,0,0,55,
G16,Cy5,,Unkn,,,NaN,0,0,NaN,NaN,0,0,55,
G16,FAM,,Unkn,,,NaN,0,0,NaN,NaN,0,0,55,
G16,HEX,,Unkn,,,NaN,0,0,NaN,NaN,0,0,55,
G16,Texas Red,,Unkn,,,NaN,0,0,NaN,NaN,0,0,55,
G17,Cy5,,Unkn,,,NaN,0,0,NaN,NaN,0,0,55,
G17,FAM,,Unkn,,,NaN,0,0,NaN,NaN,0,0,55,
G17,HEX,,Unkn,,,NaN,0,0,NaN,NaN,0,0,55,
G17,Texas Red,,Unkn,,,NaN,0,0,NaN,NaN,0,0,55,
G18,Cy5,,Unkn,,,NaN,0,0,NaN,NaN,0,0,55,
G18,FAM,,Unkn,,,NaN,0,0,NaN,NaN,0,0,55,
G18,HEX,,Unkn,,,NaN,0,0,NaN,NaN,0,0,55,
G18,Texas Red,,Unkn,,,NaN,0,0,NaN,NaN,0,0,55,
G19,Cy5,,Unkn,,,NaN,0,0,NaN,NaN,0,0,55,
G19,FAM,,Unkn,,,NaN,0,0,NaN,NaN,0,0,55,
G19,HEX,,Unkn,,,NaN,0,0,NaN,NaN,0,0,55,
G19,Texas Red,,Unkn,,,NaN,0,0,NaN,NaN,0,0,55,
G20,Cy5,,Unkn,,,NaN,0,0,NaN,NaN,0,0,55,
G20,FAM,,Unkn,,,NaN,0,0,NaN,NaN,0,0,55,
G20,HEX,,Unkn,,,NaN,0,0,NaN,NaN,0,0,55,
G20,Texas Red,,Unkn,,,NaN,0,0,NaN,NaN,0,0,55,
G21,Cy5,,Unkn,,,NaN,0,0,NaN,NaN,0,0,55,
G21,FAM,,Unkn,,,NaN,0,0,NaN,NaN,0,0,55,
G21,HEX,,Unkn,,,NaN,0,0,NaN,NaN,0,0,55,
G21,Texas Red,,Unkn,,,NaN,0,0,NaN,NaN,0,0,55,
G22,Cy5,,Unkn,,,NaN,0,0,NaN,NaN,0,0,55,
G22,FAM,,Unkn,,,NaN,0,0,NaN,NaN,0,0,55,
G22,HEX,,Unkn,,,NaN,0,0,NaN,NaN,0,0,55,
G22,Texas Red,,Unkn,,,NaN,0,0,NaN,NaN,0,0,55,
G23,Cy5,,Unkn,,,NaN,0,0,NaN,NaN,0,0,55,
G23,FAM,,Unkn,,,NaN,0,0,NaN,NaN,0,0,55,
G23,HEX,,Unkn,,,NaN,0,0,NaN,NaN,0,0,55,
G23,Texas Red,,Unkn,,,NaN,0,0,NaN,NaN,0,0,55,
G24,Cy5,,Unkn,,,NaN,0,0,NaN,NaN,0,0,55,
G24,FAM,,Unkn,,,NaN,0,0,NaN,NaN,0,0,55,
G24,HEX,,Unkn,,,NaN,0,0,NaN,NaN,0,0,55,
G24,Texas Red,,Unkn,,,NaN,0,0,NaN,NaN,0,0,55,
H01,Cy5,,Unkn,,,NaN,0,0,NaN,NaN,0,0,55,
H01,FAM,,Unkn,,,35.89654339,35.89654339,0,NaN,NaN,NaN,0,55,
H01,HEX,,Unkn,,,NaN,0,0,NaN,NaN,0,0,55,
H01,Texas Red,,Unkn,,,NaN,0,0,NaN,NaN,0,0,55,
H02,Cy5,,Unkn,,,NaN,0,0,NaN,NaN,0,0,55,
H02,FAM,,Unkn,,,32.14528946,32.14528946,0,NaN,NaN,NaN,0,55,
H02,HEX,,Unkn,,,32.49094293,32.49094293,0,NaN,NaN,NaN,0,55,
H02,Texas Red,,Unkn,,,NaN,0,0,NaN,NaN,0,0,55,
H03,Cy5,,Unkn,,,NaN,0,0,NaN,NaN,0,0,55,
H03,FAM,,Unkn,,,NaN,0,0,NaN,NaN,0,0,55,
H03,HEX,,Unkn,,,NaN,0,0,NaN,NaN,0,0,55,
H03,Texas Red,,Unkn,,,NaN,0,0,NaN,NaN,0,0,55,
H04,Cy5,,Unkn,,,NaN,0,0,NaN,NaN,0,0,55,
H04,FAM,,Unkn,,,NaN,0,0,NaN,NaN,0,0,55,
H04,HEX,,Unkn,,,NaN,0,0,NaN,NaN,0,0,55,
H04,Texas Red,,Unkn,,,NaN,0,0,NaN,NaN,0,0,55,
H05,Cy5,,Unkn,,,NaN,0,0,NaN,NaN,0,0,55,
H05,FAM,,Unkn,,,NaN,0,0,NaN,NaN,0,0,55,
H05,HEX,,Unkn,,,NaN,0,0,NaN,NaN,0,0,55,
H05,Texas Red,,Unkn,,,NaN,0,0,NaN,NaN,0,0,55,
H06,Cy5,,Unkn,,,NaN,0,0,NaN,NaN,0,0,55,
H06,FAM,,Unkn,,,NaN,0,0,NaN,NaN,0,0,55,
H06,HEX,,Unkn,,,NaN,0,0,NaN,NaN,0,0,55,
H06,Texas Red,,Unkn,,,NaN,0,0,NaN,NaN,0,0,55,
H07,Cy5,,Unkn,,,NaN,0,0,NaN,NaN,0,0,55,
H07,FAM,,Unkn,,,NaN,0,0,NaN,NaN,0,0,55,
H07,HEX,,Unkn,,,NaN,0,0,NaN,NaN,0,0,55,
H07,Texas Red,,Unkn,,,NaN,0,0,NaN,NaN,0,0,55,
H08,Cy5,,Unkn,,,NaN,0,0,NaN,NaN,0,0,55,
H08,FAM,,Unkn,,,NaN,0,0,NaN,NaN,0,0,55,
H08,HEX,,Unkn,,,NaN,0,0,NaN,NaN,0,0,55,
H08,Texas Red,,Unkn,,,NaN,0,0,NaN,NaN,0,0,55,
H09,Cy5,,Unkn,,,NaN,0,0,NaN,NaN,0,0,55,
H09,FAM,,Unkn,,,NaN,0,0,NaN,NaN,0,0,55,
H09,HEX,,Unkn,,,NaN,0,0,NaN,NaN,0,0,55,
H09,Texas Red,,Unkn,,,NaN,0,0,NaN,NaN,0,0,55,
H10,Cy5,,Unkn,,,NaN,0,0,NaN,NaN,0,0,55,
H10,FAM,,Unkn,,,NaN,0,0,NaN,NaN,0,0,55,
H10,HEX,,Unkn,,,NaN,0,0,NaN,NaN,0,0,55,
H10,Texas Red,,Unkn,,,NaN,0,0,NaN,NaN,0,0,55,
H11,Cy5,,Unkn,,,NaN,0,0,NaN,NaN,0,0,55,
H11,FAM,,Unkn,,,NaN,0,0,NaN,NaN,0,0,55,
H11,HEX,,Unkn,,,NaN,0,0,NaN,NaN,0,0,55,
H11,Texas Red,,Unkn,,,NaN,0,0,NaN,NaN,0,0,55,
H12,Cy5,,Unkn,,,NaN,0,0,NaN,NaN,0,0,55,
H12,FAM,,Unkn,,,NaN,0,0,NaN,NaN,0,0,55,
H12,HEX,,Unkn,,,NaN,0,0,NaN,NaN,0,0,55,
H12,Texas Red,,Unkn,,,NaN,0,0,NaN,NaN,0,0,55,
H13,Cy5,,Unkn,,,NaN,0,0,NaN,NaN,0,0,55,
H13,FAM,,Unkn,,,NaN,0,0,NaN,NaN,0,0,55,
H13,HEX,,Unkn,,,NaN,0,0,NaN,NaN,0,0,55,
H13,Texas Red,,Unkn,,,NaN,0,0,NaN,NaN,0,0,55,
H14,Cy5,,Unkn,,,NaN,0,0,NaN,NaN,0,0,55,
H14,FAM,,Unkn,,,NaN,0,0,NaN,NaN,0,0,55,
H14,HEX,,Unkn,,,NaN,0,0,NaN,NaN,0,0,55,
H14,Texas Red,,Unkn,,,NaN,0,0,NaN,NaN,0,0,55,
H15,Cy5,,Unkn,,,NaN,0,0,NaN,NaN,0,0,55,
H15,FAM,,Unkn,,,NaN,0,0,NaN,NaN,0,0,55,
H15,HEX,,Unkn,,,NaN,0,0,NaN,NaN,0,0,55,
H15,Texas Red,,Unkn,,,NaN,0,0,NaN,NaN,0,0,55,
H16,Cy5,,Unkn,,,NaN,0,0,NaN,NaN,0,0,55,
H16,FAM,,Unkn,,,NaN,0,0,NaN,NaN,0,0,55,
H16,HEX,,Unkn,,,NaN,0,0,NaN,NaN,0,0,55,
H16,Texas Red,,Unkn,,,NaN,0,0,NaN,NaN,0,0,55,
H17,Cy5,,Unkn,,,NaN,0,0,NaN,NaN,0,0,55,
H17,FAM,,Unkn,,,NaN,0,0,NaN,NaN,0,0,55,
H17,HEX,,Unkn,,,NaN,0,0,NaN,NaN,0,0,55,
H17,Texas Red,,Unkn,,,NaN,0,0,NaN,NaN,0,0,55,
H18,Cy5,,Unkn,,,NaN,0,0,NaN,NaN,0,0,55,
H18,FAM,,Unkn,,,NaN,0,0,NaN,NaN,0,0,55,
H18,HEX,,Unkn,,,NaN,0,0,NaN,NaN,0,0,55,
H18,Texas Red,,Unkn,,,NaN,0,0,NaN,NaN,0,0,55,
H19,Cy5,,Unkn,,,NaN,0,0,NaN,NaN,0,0,55,
H19,FAM,,Unkn,,,NaN,0,0,NaN,NaN,0,0,55,
H19,HEX,,Unkn,,,NaN,0,0,NaN,NaN,0,0,55,
H19,Texas Red,,Unkn,,,NaN,0,0,NaN,NaN,0,0,55,
H20,Cy5,,Unkn,,,NaN,0,0,NaN,NaN,0,0,55,
H20,FAM,,Unkn,,,NaN,0,0,NaN,NaN,0,0,55,
H20,HEX,,Unkn,,,NaN,0,0,NaN,NaN,0,0,55,
H20,Texas Red,,Unkn,,,NaN,0,0,NaN,NaN,0,0,55,
H21,Cy5,,Unkn,,,NaN,0,0,NaN,NaN,0,0,55,
H21,FAM,,Unkn,,,NaN,0,0,NaN,NaN,0,0,55,
H21,HEX,,Unkn,,,NaN,0,0,NaN,NaN,0,0,55,
H21,Texas Red,,Unkn,,,NaN,0,0,NaN,NaN,0,0,55,
H22,Cy5,,Unkn,,,NaN,0,0,NaN,NaN,0,0,55,
H22,FAM,,Unkn,,,NaN,0,0,NaN,NaN,0,0,55,
H22,HEX,,Unkn,,,NaN,0,0,NaN,NaN,0,0,55,
H22,Texas Red,,Unkn,,,NaN,0,0,NaN,NaN,0,0,55,
H23,Cy5,,Unkn,,,NaN,0,0,NaN,NaN,0,0,55,
H23,FAM,,Unkn,,,NaN,0,0,NaN,NaN,0,0,55,
H23,HEX,,Unkn,,,NaN,0,0,NaN,NaN,0,0,55,
H23,Texas Red,,Unkn,,,NaN,0,0,NaN,NaN,0,0,55,
H24,Cy5,,Unkn,,,NaN,0,0,NaN,NaN,0,0,55,
H24,FAM,,Unkn,,,NaN,0,0,NaN,NaN,0,0,55,
H24,HEX,,Unkn,,,NaN,0,0,NaN,NaN,0,0,55,
H24,Texas Red,,Unkn,,,NaN,0,0,NaN,NaN,0,0,55,
I01,Cy5,,Unkn,,,NaN,0,0,NaN,NaN,0,0,55,
I01,FAM,,Unkn,,,NaN,0,0,NaN,NaN,0,0,55,
I01,HEX,,Unkn,,,NaN,0,0,NaN,NaN,0,0,55,
I01,Texas Red,,Unkn,,,NaN,0,0,NaN,NaN,0,0,55,
I02,Cy5,,Unkn,,,NaN,0,0,NaN,NaN,0,0,55,
I02,FAM,,Unkn,,,32.38306553,32.38306553,0,NaN,NaN,NaN,0,55,
I02,HEX,,Unkn,,,31.96389476,31.96389476,0,NaN,NaN,NaN,0,55,
I02,Texas Red,,Unkn,,,NaN,0,0,NaN,NaN,0,0,55,
I03,Cy5,,Unkn,,,NaN,0,0,NaN,NaN,0,0,55,
I03,FAM,,Unkn,,,NaN,0,0,NaN,NaN,0,0,55,
I03,HEX,,Unkn,,,NaN,0,0,NaN,NaN,0,0,55,
I03,Texas Red,,Unkn,,,NaN,0,0,NaN,NaN,0,0,55,
I04,Cy5,,Unkn,,,NaN,0,0,NaN,NaN,0,0,55,
I04,FAM,,Unkn,,,34.01782527,34.01782527,0,NaN,NaN,NaN,0,55,
I04,HEX,,Unkn,,,NaN,0,0,NaN,NaN,0,0,55,
I04,Texas Red,,Unkn,,,NaN,0,0,NaN,NaN,0,0,55,
I05,Cy5,,Unkn,,,NaN,0,0,NaN,NaN,0,0,55,
I05,FAM,,Unkn,,,NaN,0,0,NaN,NaN,0,0,55,
I05,HEX,,Unkn,,,NaN,0,0,NaN,NaN,0,0,55,
I05,Texas Red,,Unkn,,,NaN,0,0,NaN,NaN,0,0,55,
I06,Cy5,,Unkn,,,NaN,0,0,NaN,NaN,0,0,55,
I06,FAM,,Unkn,,,NaN,0,0,NaN,NaN,0,0,55,
I06,HEX,,Unkn,,,NaN,0,0,NaN,NaN,0,0,55,
I06,Texas Red,,Unkn,,,NaN,0,0,NaN,NaN,0,0,55,
I07,Cy5,,Unkn,,,NaN,0,0,NaN,NaN,0,0,55,
I07,FAM,,Unkn,,,NaN,0,0,NaN,NaN,0,0,55,
I07,HEX,,Unkn,,,NaN,0,0,NaN,NaN,0,0,55,
I07,Texas Red,,Unkn,,,NaN,0,0,NaN,NaN,0,0,55,
I08,Cy5,,Unkn,,,NaN,0,0,NaN,NaN,0,0,55,
I08,FAM,,Unkn,,,NaN,0,0,NaN,NaN,0,0,55,
I08,HEX,,Unkn,,,NaN,0,0,NaN,NaN,0,0,55,
I08,Texas Red,,Unkn,,,NaN,0,0,NaN,NaN,0,0,55,
I09,Cy5,,Unkn,,,NaN,0,0,NaN,NaN,0,0,55,
I09,FAM,,Unkn,,,NaN,0,0,NaN,NaN,0,0,55,
I09,HEX,,Unkn,,,NaN,0,0,NaN,NaN,0,0,55,
I09,Texas Red,,Unkn,,,NaN,0,0,NaN,NaN,0,0,55,
I10,Cy5,,Unkn,,,NaN,0,0,NaN,NaN,0,0,55,
I10,FAM,,Unkn,,,NaN,0,0,NaN,NaN,0,0,55,
I10,HEX,,Unkn,,,NaN,0,0,NaN,NaN,0,0,55,
I10,Texas Red,,Unkn,,,NaN,0,0,NaN,NaN,0,0,55,
I11,Cy5,,Unkn,,,NaN,0,0,NaN,NaN,0,0,55,
I11,FAM,,Unkn,,,NaN,0,0,NaN,NaN,0,0,55,
I11,HEX,,Unkn,,,NaN,0,0,NaN,NaN,0,0,55,
I11,Texas Red,,Unkn,,,NaN,0,0,NaN,NaN,0,0,55,
I12,Cy5,,Unkn,,,NaN,0,0,NaN,NaN,0,0,55,
I12,FAM,,Unkn,,,NaN,0,0,NaN,NaN,0,0,55,
I12,HEX,,Unkn,,,NaN,0,0,NaN,NaN,0,0,55,
I12,Texas Red,,Unkn,,,NaN,0,0,NaN,NaN,0,0,55,
I13,Cy5,,Unkn,,,24.76887504,24.76887504,0,NaN,NaN,NaN,0,55,
I13,FAM,,Unkn,,,32.83718696,32.83718696,0,NaN,NaN,NaN,0,55,
I13,HEX,,Unkn,,,29.72843305,29.72843305,0,NaN,NaN,NaN,0,55,
I13,Texas Red,,Unkn,,,NaN,0,0,NaN,NaN,0,0,55,
I14,Cy5,,Unkn,,,25.06765917,25.06765917,0,NaN,NaN,NaN,0,55,
I14,FAM,,Unkn,,,28.63886064,28.63886064,0,NaN,NaN,NaN,0,55,
I14,HEX,,Unkn,,,27.26869403,27.26869403,0,NaN,NaN,NaN,0,55,
I14,Texas Red,,Unkn,,,NaN,0,0,NaN,NaN,0,0,55,
I15,Cy5,,Unkn,,,NaN,0,0,NaN,NaN,0,0,55,
I15,FAM,,Unkn,,,NaN,0,0,NaN,NaN,0,0,55,
I15,HEX,,Unkn,,,NaN,0,0,NaN,NaN,0,0,55,
I15,Texas Red,,Unkn,,,NaN,0,0,NaN,NaN,0,0,55,
I16,Cy5,,Unkn,,,NaN,0,0,NaN,NaN,0,0,55,
I16,FAM,,Unkn,,,NaN,0,0,NaN,NaN,0,0,55,
I16,HEX,,Unkn,,,NaN,0,0,NaN,NaN,0,0,55,
I16,Texas Red,,Unkn,,,NaN,0,0,NaN,NaN,0,0,55,
I17,Cy5,,Unkn,,,NaN,0,0,NaN,NaN,0,0,55,
I17,FAM,,Unkn,,,NaN,0,0,NaN,NaN,0,0,55,
I17,HEX,,Unkn,,,NaN,0,0,NaN,NaN,0,0,55,
I17,Texas Red,,Unkn,,,NaN,0,0,NaN,NaN,0,0,55,
I18,Cy5,,Unkn,,,NaN,0,0,NaN,NaN,0,0,55,
I18,FAM,,Unkn,,,NaN,0,0,NaN,NaN,0,0,55,
I18,HEX,,Unkn,,,NaN,0,0,NaN,NaN,0,0,55,
I18,Texas Red,,Unkn,,,NaN,0,0,NaN,NaN,0,0,55,
I19,Cy5,,Unkn,,,NaN,0,0,NaN,NaN,0,0,55,
I19,FAM,,Unkn,,,NaN,0,0,NaN,NaN,0,0,55,
I19,HEX,,Unkn,,,NaN,0,0,NaN,NaN,0,0,55,
I19,Texas Red,,Unkn,,,NaN,0,0,NaN,NaN,0,0,55,
I20,Cy5,,Unkn,,,NaN,0,0,NaN,NaN,0,0,55,
I20,FAM,,Unkn,,,NaN,0,0,NaN,NaN,0,0,55,
I20,HEX,,Unkn,,,NaN,0,0,NaN,NaN,0,0,55,
I20,Texas Red,,Unkn,,,NaN,0,0,NaN,NaN,0,0,55,
I21,Cy5,,Unkn,,,NaN,0,0,NaN,NaN,0,0,55,
I21,FAM,,Unkn,,,NaN,0,0,NaN,NaN,0,0,55,
I21,HEX,,Unkn,,,NaN,0,0,NaN,NaN,0,0,55,
I21,Texas Red,,Unkn,,,NaN,0,0,NaN,NaN,0,0,55,
I22,Cy5,,Unkn,,,NaN,0,0,NaN,NaN,0,0,55,
I22,FAM,,Unkn,,,NaN,0,0,NaN,NaN,0,0,55,
I22,HEX,,Unkn,,,NaN,0,0,NaN,NaN,0,0,55,
I22,Texas Red,,Unkn,,,NaN,0,0,NaN,NaN,0,0,55,
I23,Cy5,,Unkn,,,NaN,0,0,NaN,NaN,0,0,55,
I23,FAM,,Unkn,,,NaN,0,0,NaN,NaN,0,0,55,
I23,HEX,,Unkn,,,NaN,0,0,NaN,NaN,0,0,55,
I23,Texas Red,,Unkn,,,NaN,0,0,NaN,NaN,0,0,55,
I24,Cy5,,Unkn,,,NaN,0,0,NaN,NaN,0,0,55,
I24,FAM,,Unkn,,,NaN,0,0,NaN,NaN,0,0,55,
I24,HEX,,Unkn,,,NaN,0,0,NaN,NaN,0,0,55,
I24,Texas Red,,Unkn,,,NaN,0,0,NaN,NaN,0,0,55,
J01,Cy5,,Unkn,,,NaN,0,0,NaN,NaN,0,0,55,
J01,FAM,,Unkn,,,NaN,0,0,NaN,NaN,0,0,55,
J01,HEX,,Unkn,,,NaN,0,0,NaN,NaN,0,0,55,
J01,Texas Red,,Unkn,,,NaN,0,0,NaN,NaN,0,0,55,
J02,Cy5,,Unkn,,,NaN,0,0,NaN,NaN,0,0,55,
J02,FAM,,Unkn,,,NaN,0,0,NaN,NaN,0,0,55,
J02,HEX,,Unkn,,,NaN,0,0,NaN,NaN,0,0,55,
J02,Texas Red,,Unkn,,,NaN,0,0,NaN,NaN,0,0,55,
J03,Cy5,,Unkn,,,NaN,0,0,NaN,NaN,0,0,55,
J03,FAM,,Unkn,,,NaN,0,0,NaN,NaN,0,0,55,
J03,HEX,,Unkn,,,NaN,0,0,NaN,NaN,0,0,55,
J03,Texas Red,,Unkn,,,NaN,0,0,NaN,NaN,0,0,55,
J04,Cy5,,Unkn,,,NaN,0,0,NaN,NaN,0,0,55,
J04,FAM,,Unkn,,,NaN,0,0,NaN,NaN,0,0,55,
J04,HEX,,Unkn,,,NaN,0,0,NaN,NaN,0,0,55,
J04,Texas Red,,Unkn,,,NaN,0,0,NaN,NaN,0,0,55,
J05,Cy5,,Unkn,,,NaN,0,0,NaN,NaN,0,0,55,
J05,FAM,,Unkn,,,NaN,0,0,NaN,NaN,0,0,55,
J05,HEX,,Unkn,,,NaN,0,0,NaN,NaN,0,0,55,
J05,Texas Red,,Unkn,,,NaN,0,0,NaN,NaN,0,0,55,
J06,Cy5,,Unkn,,,NaN,0,0,NaN,NaN,0,0,55,
J06,FAM,,Unkn,,,NaN,0,0,NaN,NaN,0,0,55,
J06,HEX,,Unkn,,,NaN,0,0,NaN,NaN,0,0,55,
J06,Texas Red,,Unkn,,,NaN,0,0,NaN,NaN,0,0,55,
J07,Cy5,,Unkn,,,NaN,0,0,NaN,NaN,0,0,55,
J07,FAM,,Unkn,,,NaN,0,0,NaN,NaN,0,0,55,
J07,HEX,,Unkn,,,NaN,0,0,NaN,NaN,0,0,55,
J07,Texas Red,,Unkn,,,NaN,0,0,NaN,NaN,0,0,55,
J08,Cy5,,Unkn,,,NaN,0,0,NaN,NaN,0,0,55,
J08,FAM,,Unkn,,,NaN,0,0,NaN,NaN,0,0,55,
J08,HEX,,Unkn,,,NaN,0,0,NaN,NaN,0,0,55,
J08,Texas Red,,Unkn,,,NaN,0,0,NaN,NaN,0,0,55,
J09,Cy5,,Unkn,,,NaN,0,0,NaN,NaN,0,0,55,
J09,FAM,,Unkn,,,NaN,0,0,NaN,NaN,0,0,55,
J09,HEX,,Unkn,,,NaN,0,0,NaN,NaN,0,0,55,
J09,Texas Red,,Unkn,,,NaN,0,0,NaN,NaN,0,0,55,
J10,Cy5,,Unkn,,,NaN,0,0,NaN,NaN,0,0,55,
J10,FAM,,Unkn,,,NaN,0,0,NaN,NaN,0,0,55,
J10,HEX,,Unkn,,,NaN,0,0,NaN,NaN,0,0,55,
J10,Texas Red,,Unkn,,,NaN,0,0,NaN,NaN,0,0,55,
J11,Cy5,,Unkn,,,NaN,0,0,NaN,NaN,0,0,55,
J11,FAM,,Unkn,,,NaN,0,0,NaN,NaN,0,0,55,
J11,HEX,,Unkn,,,NaN,0,0,NaN,NaN,0,0,55,
J11,Texas Red,,Unkn,,,NaN,0,0,NaN,NaN,0,0,55,
J12,Cy5,,Unkn,,,NaN,0,0,NaN,NaN,0,0,55,
J12,FAM,,Unkn,,,NaN,0,0,NaN,NaN,0,0,55,
J12,HEX,,Unkn,,,NaN,0,0,NaN,NaN,0,0,55,
J12,Texas Red,,Unkn,,,NaN,0,0,NaN,NaN,0,0,55,
J13,Cy5,,Unkn,,,NaN,0,0,NaN,NaN,0,0,55,
J13,FAM,,Unkn,,,NaN,0,0,NaN,NaN,0,0,55,
J13,HEX,,Unkn,,,NaN,0,0,NaN,NaN,0,0,55,
J13,Texas Red,,Unkn,,,NaN,0,0,NaN,NaN,0,0,55,
J14,Cy5,,Unkn,,,NaN,0,0,NaN,NaN,0,0,55,
J14,FAM,,Unkn,,,NaN,0,0,NaN,NaN,0,0,55,
J14,HEX,,Unkn,,,NaN,0,0,NaN,NaN,0,0,55,
J14,Texas Red,,Unkn,,,NaN,0,0,NaN,NaN,0,0,55,
J15,Cy5,,Unkn,,,NaN,0,0,NaN,NaN,0,0,55,
J15,FAM,,Unkn,,,NaN,0,0,NaN,NaN,0,0,55,
J15,HEX,,Unkn,,,NaN,0,0,NaN,NaN,0,0,55,
J15,Texas Red,,Unkn,,,NaN,0,0,NaN,NaN,0,0,55,
J16,Cy5,,Unkn,,,NaN,0,0,NaN,NaN,0,0,55,
J16,FAM,,Unkn,,,NaN,0,0,NaN,NaN,0,0,55,
J16,HEX,,Unkn,,,NaN,0,0,NaN,NaN,0,0,55,
J16,Texas Red,,Unkn,,,NaN,0,0,NaN,NaN,0,0,55,
J17,Cy5,,Unkn,,,NaN,0,0,NaN,NaN,0,0,55,
J17,FAM,,Unkn,,,NaN,0,0,NaN,NaN,0,0,55,
J17,HEX,,Unkn,,,NaN,0,0,NaN,NaN,0,0,55,
J17,Texas Red,,Unkn,,,NaN,0,0,NaN,NaN,0,0,55,
J18,Cy5,,Unkn,,,NaN,0,0,NaN,NaN,0,0,55,
J18,FAM,,Unkn,,,NaN,0,0,NaN,NaN,0,0,55,
J18,HEX,,Unkn,,,NaN,0,0,NaN,NaN,0,0,55,
J18,Texas Red,,Unkn,,,NaN,0,0,NaN,NaN,0,0,55,
J19,Cy5,,Unkn,,,NaN,0,0,NaN,NaN,0,0,55,
J19,FAM,,Unkn,,,NaN,0,0,NaN,NaN,0,0,55,
J19,HEX,,Unkn,,,NaN,0,0,NaN,NaN,0,0,55,
J19,Texas Red,,Unkn,,,NaN,0,0,NaN,NaN,0,0,55,
J20,Cy5,,Unkn,,,NaN,0,0,NaN,NaN,0,0,55,
J20,FAM,,Unkn,,,NaN,0,0,NaN,NaN,0,0,55,
J20,HEX,,Unkn,,,NaN,0,0,NaN,NaN,0,0,55,
J20,Texas Red,,Unkn,,,NaN,0,0,NaN,NaN,0,0,55,
J21,Cy5,,Unkn,,,NaN,0,0,NaN,NaN,0,0,55,
J21,FAM,,Unkn,,,NaN,0,0,NaN,NaN,0,0,55,
J21,HEX,,Unkn,,,NaN,0,0,NaN,NaN,0,0,55,
J21,Texas Red,,Unkn,,,NaN,0,0,NaN,NaN,0,0,55,
J22,Cy5,,Unkn,,,NaN,0,0,NaN,NaN,0,0,55,
J22,FAM,,Unkn,,,NaN,0,0,NaN,NaN,0,0,55,
J22,HEX,,Unkn,,,NaN,0,0,NaN,NaN,0,0,55,
J22,Texas Red,,Unkn,,,NaN,0,0,NaN,NaN,0,0,55,
J23,Cy5,,Unkn,,,NaN,0,0,NaN,NaN,0,0,55,
J23,FAM,,Unkn,,,NaN,0,0,NaN,NaN,0,0,55,
J23,HEX,,Unkn,,,NaN,0,0,NaN,NaN,0,0,55,
J23,Texas Red,,Unkn,,,NaN,0,0,NaN,NaN,0,0,55,
J24,Cy5,,Unkn,,,NaN,0,0,NaN,NaN,0,0,55,
J24,FAM,,Unkn,,,NaN,0,0,NaN,NaN,0,0,55,
J24,HEX,,Unkn,,,NaN,0,0,NaN,NaN,0,0,55,
J24,Texas Red,,Unkn,,,NaN,0,0,NaN,NaN,0,0,55,
K01,Cy5,,Unkn,,,NaN,0,0,NaN,NaN,0,0,55,
K01,FAM,,Unkn,,,34.65352597,34.65352597,0,NaN,NaN,NaN,0,55,
K01,HEX,,Unkn,,,NaN,0,0,NaN,NaN,0,0,55,
K01,Texas Red,,Unkn,,,NaN,0,0,NaN,NaN,0,0,55,
K02,Cy5,,Unkn,,,NaN,0,0,NaN,NaN,0,0,55,
K02,FAM,,Unkn,,,31.12503156,31.12503156,0,NaN,NaN,NaN,0,55,
K02,HEX,,Unkn,,,30.78732591,30.78732591,0,NaN,NaN,NaN,0,55,
K02,Texas Red,,Unkn,,,NaN,0,0,NaN,NaN,0,0,55,
K03,Cy5,,Unkn,,,NaN,0,0,NaN,NaN,0,0,55,
K03,FAM,,Unkn,,,34.78395857,34.78395857,0,NaN,NaN,NaN,0,55,
K03,HEX,,Unkn,,,34.69505595,34.69505595,0,NaN,NaN,NaN,0,55,
K03,Texas Red,,Unkn,,,NaN,0,0,NaN,NaN,0,0,55,
K04,Cy5,,Unkn,,,NaN,0,0,NaN,NaN,0,0,55,
K04,FAM,,Unkn,,,NaN,0,0,NaN,NaN,0,0,55,
K04,HEX,,Unkn,,,NaN,0,0,NaN,NaN,0,0,55,
K04,Texas Red,,Unkn,,,NaN,0,0,NaN,NaN,0,0,55,
K05,Cy5,,Unkn,,,NaN,0,0,NaN,NaN,0,0,55,
K05,FAM,,Unkn,,,NaN,0,0,NaN,NaN,0,0,55,
K05,HEX,,Unkn,,,NaN,0,0,NaN,NaN,0,0,55,
K05,Texas Red,,Unkn,,,NaN,0,0,NaN,NaN,0,0,55,
K06,Cy5,,Unkn,,,NaN,0,0,NaN,NaN,0,0,55,
K06,FAM,,Unkn,,,NaN,0,0,NaN,NaN,0,0,55,
K06,HEX,,Unkn,,,NaN,0,0,NaN,NaN,0,0,55,
K06,Texas Red,,Unkn,,,NaN,0,0,NaN,NaN,0,0,55,
K07,Cy5,,Unkn,,,NaN,0,0,NaN,NaN,0,0,55,
K07,FAM,,Unkn,,,NaN,0,0,NaN,NaN,0,0,55,
K07,HEX,,Unkn,,,NaN,0,0,NaN,NaN,0,0,55,
K07,Texas Red,,Unkn,,,NaN,0,0,NaN,NaN,0,0,55,
K08,Cy5,,Unkn,,,NaN,0,0,NaN,NaN,0,0,55,
K08,FAM,,Unkn,,,NaN,0,0,NaN,NaN,0,0,55,
K08,HEX,,Unkn,,,NaN,0,0,NaN,NaN,0,0,55,
K08,Texas Red,,Unkn,,,NaN,0,0,NaN,NaN,0,0,55,
K09,Cy5,,Unkn,,,NaN,0,0,NaN,NaN,0,0,55,
K09,FAM,,Unkn,,,NaN,0,0,NaN,NaN,0,0,55,
K09,HEX,,Unkn,,,NaN,0,0,NaN,NaN,0,0,55,
K09,Texas Red,,Unkn,,,NaN,0,0,NaN,NaN,0,0,55,
K10,Cy5,,Unkn,,,NaN,0,0,NaN,NaN,0,0,55,
K10,FAM,,Unkn,,,NaN,0,0,NaN,NaN,0,0,55,
K10,HEX,,Unkn,,,NaN,0,0,NaN,NaN,0,0,55,
K10,Texas Red,,Unkn,,,NaN,0,0,NaN,NaN,0,0,55,
K11,Cy5,,Unkn,,,NaN,0,0,NaN,NaN,0,0,55,
K11,FAM,,Unkn,,,NaN,0,0,NaN,NaN,0,0,55,
K11,HEX,,Unkn,,,NaN,0,0,NaN,NaN,0,0,55,
K11,Texas Red,,Unkn,,,NaN,0,0,NaN,NaN,0,0,55,
K12,Cy5,,Unkn,,,NaN,0,0,NaN,NaN,0,0,55,
K12,FAM,,Unkn,,,NaN,0,0,NaN,NaN,0,0,55,
K12,HEX,,Unkn,,,NaN,0,0,NaN,NaN,0,0,55,
K12,Texas Red,,Unkn,,,NaN,0,0,NaN,NaN,0,0,55,
K13,Cy5,,Unkn,,,24.57828162,24.57828162,0,NaN,NaN,NaN,0,55,
K13,FAM,,Unkn,,,32.65693297,32.65693297,0,NaN,NaN,NaN,0,55,
K13,HEX,,Unkn,,,29.79375554,29.79375554,0,NaN,NaN,NaN,0,55,
K13,Texas Red,,Unkn,,,NaN,0,0,NaN,NaN,0,0,55,
K14,Cy5,,Unkn,,,24.93312102,24.93312102,0,NaN,NaN,NaN,0,55,
K14,FAM,,Unkn,,,28.80714523,28.80714523,0,NaN,NaN,NaN,0,55,
K14,HEX,,Unkn,,,27.20327962,27.20327962,0,NaN,NaN,NaN,0,55,
K14,Texas Red,,Unkn,,,NaN,0,0,NaN,NaN,0,0,55,
K15,Cy5,,Unkn,,,NaN,0,0,NaN,NaN,0,0,55,
K15,FAM,,Unkn,,,NaN,0,0,NaN,NaN,0,0,55,
K15,HEX,,Unkn,,,NaN,0,0,NaN,NaN,0,0,55,
K15,Texas Red,,Unkn,,,NaN,0,0,NaN,NaN,0,0,55,
K16,Cy5,,Unkn,,,NaN,0,0,NaN,NaN,0,0,55,
K16,FAM,,Unkn,,,NaN,0,0,NaN,NaN,0,0,55,
K16,HEX,,Unkn,,,NaN,0,0,NaN,NaN,0,0,55,
K16,Texas Red,,Unkn,,,NaN,0,0,NaN,NaN,0,0,55,
K17,Cy5,,Unkn,,,NaN,0,0,NaN,NaN,0,0,55,
K17,FAM,,Unkn,,,NaN,0,0,NaN,NaN,0,0,55,
K17,HEX,,Unkn,,,NaN,0,0,NaN,NaN,0,0,55,
K17,Texas Red,,Unkn,,,NaN,0,0,NaN,NaN,0,0,55,
K18,Cy5,,Unkn,,,NaN,0,0,NaN,NaN,0,0,55,
K18,FAM,,Unkn,,,NaN,0,0,NaN,NaN,0,0,55,
K18,HEX,,Unkn,,,NaN,0,0,NaN,NaN,0,0,55,
K18,Texas Red,,Unkn,,,NaN,0,0,NaN,NaN,0,0,55,
K19,Cy5,,Unkn,,,NaN,0,0,NaN,NaN,0,0,55,
K19,FAM,,Unkn,,,NaN,0,0,NaN,NaN,0,0,55,
K19,HEX,,Unkn,,,NaN,0,0,NaN,NaN,0,0,55,
K19,Texas Red,,Unkn,,,NaN,0,0,NaN,NaN,0,0,55,
K20,Cy5,,Unkn,,,NaN,0,0,NaN,NaN,0,0,55,
K20,FAM,,Unkn,,,NaN,0,0,NaN,NaN,0,0,55,
K20,HEX,,Unkn,,,NaN,0,0,NaN,NaN,0,0,55,
K20,Texas Red,,Unkn,,,NaN,0,0,NaN,NaN,0,0,55,
K21,Cy5,,Unkn,,,NaN,0,0,NaN,NaN,0,0,55,
K21,FAM,,Unkn,,,NaN,0,0,NaN,NaN,0,0,55,
K21,HEX,,Unkn,,,NaN,0,0,NaN,NaN,0,0,55,
K21,Texas Red,,Unkn,,,NaN,0,0,NaN,NaN,0,0,55,
K22,Cy5,,Unkn,,,NaN,0,0,NaN,NaN,0,0,55,
K22,FAM,,Unkn,,,NaN,0,0,NaN,NaN,0,0,55,
K22,HEX,,Unkn,,,NaN,0,0,NaN,NaN,0,0,55,
K22,Texas Red,,Unkn,,,NaN,0,0,NaN,NaN,0,0,55,
K23,Cy5,,Unkn,,,NaN,0,0,NaN,NaN,0,0,55,
K23,FAM,,Unkn,,,NaN,0,0,NaN,NaN,0,0,55,
K23,HEX,,Unkn,,,NaN,0,0,NaN,NaN,0,0,55,
K23,Texas Red,,Unkn,,,NaN,0,0,NaN,NaN,0,0,55,
K24,Cy5,,Unkn,,,NaN,0,0,NaN,NaN,0,0,55,
K24,FAM,,Unkn,,,NaN,0,0,NaN,NaN,0,0,55,
K24,HEX,,Unkn,,,NaN,0,0,NaN,NaN,0,0,55,
K24,Texas Red,,Unkn,,,NaN,0,0,NaN,NaN,0,0,55,
L01,Cy5,,Unkn,,,NaN,0,0,NaN,NaN,0,0,55,
L01,FAM,,Unkn,,,NaN,0,0,NaN,NaN,0,0,55,
L01,HEX,,Unkn,,,NaN,0,0,NaN,NaN,0,0,55,
L01,Texas Red,,Unkn,,,NaN,0,0,NaN,NaN,0,0,55,
L02,Cy5,,Unkn,,,NaN,0,0,NaN,NaN,0,0,55,
L02,FAM,,Unkn,,,NaN,0,0,NaN,NaN,0,0,55,
L02,HEX,,Unkn,,,NaN,0,0,NaN,NaN,0,0,55,
L02,Texas Red,,Unkn,,,NaN,0,0,NaN,NaN,0,0,55,
L03,Cy5,,Unkn,,,NaN,0,0,NaN,NaN,0,0,55,
L03,FAM,,Unkn,,,NaN,0,0,NaN,NaN,0,0,55,
L03,HEX,,Unkn,,,NaN,0,0,NaN,NaN,0,0,55,
L03,Texas Red,,Unkn,,,NaN,0,0,NaN,NaN,0,0,55,
L04,Cy5,,Unkn,,,NaN,0,0,NaN,NaN,0,0,55,
L04,FAM,,Unkn,,,NaN,0,0,NaN,NaN,0,0,55,
L04,HEX,,Unkn,,,NaN,0,0,NaN,NaN,0,0,55,
L04,Texas Red,,Unkn,,,NaN,0,0,NaN,NaN,0,0,55,
L05,Cy5,,Unkn,,,NaN,0,0,NaN,NaN,0,0,55,
L05,FAM,,Unkn,,,NaN,0,0,NaN,NaN,0,0,55,
L05,HEX,,Unkn,,,NaN,0,0,NaN,NaN,0,0,55,
L05,Texas Red,,Unkn,,,NaN,0,0,NaN,NaN,0,0,55,
L06,Cy5,,Unkn,,,NaN,0,0,NaN,NaN,0,0,55,
L06,FAM,,Unkn,,,NaN,0,0,NaN,NaN,0,0,55,
L06,HEX,,Unkn,,,NaN,0,0,NaN,NaN,0,0,55,
L06,Texas Red,,Unkn,,,NaN,0,0,NaN,NaN,0,0,55,
L07,Cy5,,Unkn,,,NaN,0,0,NaN,NaN,0,0,55,
L07,FAM,,Unkn,,,NaN,0,0,NaN,NaN,0,0,55,
L07,HEX,,Unkn,,,NaN,0,0,NaN,NaN,0,0,55,
L07,Texas Red,,Unkn,,,NaN,0,0,NaN,NaN,0,0,55,
L08,Cy5,,Unkn,,,NaN,0,0,NaN,NaN,0,0,55,
L08,FAM,,Unkn,,,NaN,0,0,NaN,NaN,0,0,55,
L08,HEX,,Unkn,,,NaN,0,0,NaN,NaN,0,0,55,
L08,Texas Red,,Unkn,,,NaN,0,0,NaN,NaN,0,0,55,
L09,Cy5,,Unkn,,,NaN,0,0,NaN,NaN,0,0,55,
L09,FAM,,Unkn,,,NaN,0,0,NaN,NaN,0,0,55,
L09,HEX,,Unkn,,,NaN,0,0,NaN,NaN,0,0,55,
L09,Texas Red,,Unkn,,,NaN,0,0,NaN,NaN,0,0,55,
L10,Cy5,,Unkn,,,NaN,0,0,NaN,NaN,0,0,55,
L10,FAM,,Unkn,,,NaN,0,0,NaN,NaN,0,0,55,
L10,HEX,,Unkn,,,NaN,0,0,NaN,NaN,0,0,55,
L10,Texas Red,,Unkn,,,NaN,0,0,NaN,NaN,0,0,55,
L11,Cy5,,Unkn,,,NaN,0,0,NaN,NaN,0,0,55,
L11,FAM,,Unkn,,,NaN,0,0,NaN,NaN,0,0,55,
L11,HEX,,Unkn,,,NaN,0,0,NaN,NaN,0,0,55,
L11,Texas Red,,Unkn,,,NaN,0,0,NaN,NaN,0,0,55,
L12,Cy5,,Unkn,,,NaN,0,0,NaN,NaN,0,0,55,
L12,FAM,,Unkn,,,NaN,0,0,NaN,NaN,0,0,55,
L12,HEX,,Unkn,,,NaN,0,0,NaN,NaN,0,0,55,
L12,Texas Red,,Unkn,,,NaN,0,0,NaN,NaN,0,0,55,
L13,Cy5,,Unkn,,,NaN,0,0,NaN,NaN,0,0,55,
L13,FAM,,Unkn,,,NaN,0,0,NaN,NaN,0,0,55,
L13,HEX,,Unkn,,,NaN,0,0,NaN,NaN,0,0,55,
L13,Texas Red,,Unkn,,,NaN,0,0,NaN,NaN,0,0,55,
L14,Cy5,,Unkn,,,NaN,0,0,NaN,NaN,0,0,55,
L14,FAM,,Unkn,,,NaN,0,0,NaN,NaN,0,0,55,
L14,HEX,,Unkn,,,NaN,0,0,NaN,NaN,0,0,55,
L14,Texas Red,,Unkn,,,NaN,0,0,NaN,NaN,0,0,55,
L15,Cy5,,Unkn,,,NaN,0,0,NaN,NaN,0,0,55,
L15,FAM,,Unkn,,,NaN,0,0,NaN,NaN,0,0,55,
L15,HEX,,Unkn,,,NaN,0,0,NaN,NaN,0,0,55,
L15,Texas Red,,Unkn,,,NaN,0,0,NaN,NaN,0,0,55,
L16,Cy5,,Unkn,,,NaN,0,0,NaN,NaN,0,0,55,
L16,FAM,,Unkn,,,NaN,0,0,NaN,NaN,0,0,55,
L16,HEX,,Unkn,,,NaN,0,0,NaN,NaN,0,0,55,
L16,Texas Red,,Unkn,,,NaN,0,0,NaN,NaN,0,0,55,
L17,Cy5,,Unkn,,,NaN,0,0,NaN,NaN,0,0,55,
L17,FAM,,Unkn,,,NaN,0,0,NaN,NaN,0,0,55,
L17,HEX,,Unkn,,,NaN,0,0,NaN,NaN,0,0,55,
L17,Texas Red,,Unkn,,,NaN,0,0,NaN,NaN,0,0,55,
L18,Cy5,,Unkn,,,NaN,0,0,NaN,NaN,0,0,55,
L18,FAM,,Unkn,,,NaN,0,0,NaN,NaN,0,0,55,
L18,HEX,,Unkn,,,NaN,0,0,NaN,NaN,0,0,55,
L18,Texas Red,,Unkn,,,NaN,0,0,NaN,NaN,0,0,55,
L19,Cy5,,Unkn,,,NaN,0,0,NaN,NaN,0,0,55,
L19,FAM,,Unkn,,,NaN,0,0,NaN,NaN,0,0,55,
L19,HEX,,Unkn,,,NaN,0,0,NaN,NaN,0,0,55,
L19,Texas Red,,Unkn,,,NaN,0,0,NaN,NaN,0,0,55,
L20,Cy5,,Unkn,,,NaN,0,0,NaN,NaN,0,0,55,
L20,FAM,,Unkn,,,NaN,0,0,NaN,NaN,0,0,55,
L20,HEX,,Unkn,,,NaN,0,0,NaN,NaN,0,0,55,
L20,Texas Red,,Unkn,,,NaN,0,0,NaN,NaN,0,0,55,
L21,Cy5,,Unkn,,,NaN,0,0,NaN,NaN,0,0,55,
L21,FAM,,Unkn,,,NaN,0,0,NaN,NaN,0,0,55,
L21,HEX,,Unkn,,,NaN,0,0,NaN,NaN,0,0,55,
L21,Texas Red,,Unkn,,,NaN,0,0,NaN,NaN,0,0,55,
L22,Cy5,,Unkn,,,NaN,0,0,NaN,NaN,0,0,55,
L22,FAM,,Unkn,,,NaN,0,0,NaN,NaN,0,0,55,
L22,HEX,,Unkn,,,NaN,0,0,NaN,NaN,0,0,55,
L22,Texas Red,,Unkn,,,NaN,0,0,NaN,NaN,0,0,55,
L23,Cy5,,Unkn,,,NaN,0,0,NaN,NaN,0,0,55,
L23,FAM,,Unkn,,,NaN,0,0,NaN,NaN,0,0,55,
L23,HEX,,Unkn,,,NaN,0,0,NaN,NaN,0,0,55,
L23,Texas Red,,Unkn,,,NaN,0,0,NaN,NaN,0,0,55,
L24,Cy5,,Unkn,,,NaN,0,0,NaN,NaN,0,0,55,
L24,FAM,,Unkn,,,NaN,0,0,NaN,NaN,0,0,55,
L24,HEX,,Unkn,,,NaN,0,0,NaN,NaN,0,0,55,
L24,Texas Red,,Unkn,,,NaN,0,0,NaN,NaN,0,0,55,
M01,Cy5,,Unkn,,,NaN,0,0,NaN,NaN,0,0,55,
M01,FAM,,Unkn,,,33.60384657,33.60384657,0,NaN,NaN,NaN,0,55,
M01,HEX,,Unkn,,,33.4724834,33.4724834,0,NaN,NaN,NaN,0,55,
M01,Texas Red,,Unkn,,,NaN,0,0,NaN,NaN,0,0,55,
M02,Cy5,,Unkn,,,NaN,0,0,NaN,NaN,0,0,55,
M02,FAM,,Unkn,,,33.63155701,33.63155701,0,NaN,NaN,NaN,0,55,
M02,HEX,,Unkn,,,33.09336658,33.09336658,0,NaN,NaN,NaN,0,55,
M02,Texas Red,,Unkn,,,NaN,0,0,NaN,NaN,0,0,55,
M03,Cy5,,Unkn,,,NaN,0,0,NaN,NaN,0,0,55,
M03,FAM,,Unkn,,,NaN,0,0,NaN,NaN,0,0,55,
M03,HEX,,Unkn,,,NaN,0,0,NaN,NaN,0,0,55,
M03,Texas Red,,Unkn,,,NaN,0,0,NaN,NaN,0,0,55,
M04,Cy5,,Unkn,,,NaN,0,0,NaN,NaN,0,0,55,
M04,FAM,,Unkn,,,33.73379963,33.73379963,0,NaN,NaN,NaN,0,55,
M04,HEX,,Unkn,,,NaN,0,0,NaN,NaN,0,0,55,
M04,Texas Red,,Unkn,,,NaN,0,0,NaN,NaN,0,0,55,
M05,Cy5,,Unkn,,,NaN,0,0,NaN,NaN,0,0,55,
M05,FAM,,Unkn,,,NaN,0,0,NaN,NaN,0,0,55,
M05,HEX,,Unkn,,,NaN,0,0,NaN,NaN,0,0,55,
M05,Texas Red,,Unkn,,,NaN,0,0,NaN,NaN,0,0,55,
M06,Cy5,,Unkn,,,NaN,0,0,NaN,NaN,0,0,55,
M06,FAM,,Unkn,,,NaN,0,0,NaN,NaN,0,0,55,
M06,HEX,,Unkn,,,NaN,0,0,NaN,NaN,0,0,55,
M06,Texas Red,,Unkn,,,NaN,0,0,NaN,NaN,0,0,55,
M07,Cy5,,Unkn,,,NaN,0,0,NaN,NaN,0,0,55,
M07,FAM,,Unkn,,,NaN,0,0,NaN,NaN,0,0,55,
M07,HEX,,Unkn,,,NaN,0,0,NaN,NaN,0,0,55,
M07,Texas Red,,Unkn,,,NaN,0,0,NaN,NaN,0,0,55,
M08,Cy5,,Unkn,,,NaN,0,0,NaN,NaN,0,0,55,
M08,FAM,,Unkn,,,NaN,0,0,NaN,NaN,0,0,55,
M08,HEX,,Unkn,,,NaN,0,0,NaN,NaN,0,0,55,
M08,Texas Red,,Unkn,,,NaN,0,0,NaN,NaN,0,0,55,
M09,Cy5,,Unkn,,,NaN,0,0,NaN,NaN,0,0,55,
M09,FAM,,Unkn,,,NaN,0,0,NaN,NaN,0,0,55,
M09,HEX,,Unkn,,,NaN,0,0,NaN,NaN,0,0,55,
M09,Texas Red,,Unkn,,,NaN,0,0,NaN,NaN,0,0,55,
M10,Cy5,,Unkn,,,NaN,0,0,NaN,NaN,0,0,55,
M10,FAM,,Unkn,,,NaN,0,0,NaN,NaN,0,0,55,
M10,HEX,,Unkn,,,NaN,0,0,NaN,NaN,0,0,55,
M10,Texas Red,,Unkn,,,NaN,0,0,NaN,NaN,0,0,55,
M11,Cy5,,Unkn,,,NaN,0,0,NaN,NaN,0,0,55,
M11,FAM,,Unkn,,,NaN,0,0,NaN,NaN,0,0,55,
M11,HEX,,Unkn,,,NaN,0,0,NaN,NaN,0,0,55,
M11,Texas Red,,Unkn,,,NaN,0,0,NaN,NaN,0,0,55,
M12,Cy5,,Unkn,,,NaN,0,0,NaN,NaN,0,0,55,
M12,FAM,,Unkn,,,NaN,0,0,NaN,NaN,0,0,55,
M12,HEX,,Unkn,,,NaN,0,0,NaN,NaN,0,0,55,
M12,Texas Red,,Unkn,,,NaN,0,0,NaN,NaN,0,0,55,
M13,Cy5,,Unkn,,,23.77724999,23.77724999,0,NaN,NaN,NaN,0,55,
M13,FAM,,Unkn,,,32.94808994,32.94808994,0,NaN,NaN,NaN,0,55,
M13,HEX,,Unkn,,,30.01248354,30.01248354,0,NaN,NaN,NaN,0,55,
M13,Texas Red,,Unkn,,,NaN,0,0,NaN,NaN,0,0,55,
M14,Cy5,,Unkn,,,24.5740621,24.5740621,0,NaN,NaN,NaN,0,55,
M14,FAM,,Unkn,,,NaN,0,0,NaN,NaN,0,0,55,
M14,HEX,,Unkn,,,27.1584786,27.1584786,0,NaN,NaN,NaN,0,55,
M14,Texas Red,,Unkn,,,NaN,0,0,NaN,NaN,0,0,55,
M15,Cy5,,Unkn,,,NaN,0,0,NaN,NaN,0,0,55,
M15,FAM,,Unkn,,,NaN,0,0,NaN,NaN,0,0,55,
M15,HEX,,Unkn,,,NaN,0,0,NaN,NaN,0,0,55,
M15,Texas Red,,Unkn,,,NaN,0,0,NaN,NaN,0,0,55,
M16,Cy5,,Unkn,,,NaN,0,0,NaN,NaN,0,0,55,
M16,FAM,,Unkn,,,NaN,0,0,NaN,NaN,0,0,55,
M16,HEX,,Unkn,,,NaN,0,0,NaN,NaN,0,0,55,
M16,Texas Red,,Unkn,,,NaN,0,0,NaN,NaN,0,0,55,
M17,Cy5,,Unkn,,,NaN,0,0,NaN,NaN,0,0,55,
M17,FAM,,Unkn,,,NaN,0,0,NaN,NaN,0,0,55,
M17,HEX,,Unkn,,,NaN,0,0,NaN,NaN,0,0,55,
M17,Texas Red,,Unkn,,,NaN,0,0,NaN,NaN,0,0,55,
M18,Cy5,,Unkn,,,NaN,0,0,NaN,NaN,0,0,55,
M18,FAM,,Unkn,,,NaN,0,0,NaN,NaN,0,0,55,
M18,HEX,,Unkn,,,NaN,0,0,NaN,NaN,0,0,55,
M18,Texas Red,,Unkn,,,NaN,0,0,NaN,NaN,0,0,55,
M19,Cy5,,Unkn,,,NaN,0,0,NaN,NaN,0,0,55,
M19,FAM,,Unkn,,,NaN,0,0,NaN,NaN,0,0,55,
M19,HEX,,Unkn,,,NaN,0,0,NaN,NaN,0,0,55,
M19,Texas Red,,Unkn,,,NaN,0,0,NaN,NaN,0,0,55,
M20,Cy5,,Unkn,,,NaN,0,0,NaN,NaN,0,0,55,
M20,FAM,,Unkn,,,NaN,0,0,NaN,NaN,0,0,55,
M20,HEX,,Unkn,,,NaN,0,0,NaN,NaN,0,0,55,
M20,Texas Red,,Unkn,,,NaN,0,0,NaN,NaN,0,0,55,
M21,Cy5,,Unkn,,,NaN,0,0,NaN,NaN,0,0,55,
M21,FAM,,Unkn,,,NaN,0,0,NaN,NaN,0,0,55,
M21,HEX,,Unkn,,,NaN,0,0,NaN,NaN,0,0,55,
M21,Texas Red,,Unkn,,,NaN,0,0,NaN,NaN,0,0,55,
M22,Cy5,,Unkn,,,NaN,0,0,NaN,NaN,0,0,55,
M22,FAM,,Unkn,,,NaN,0,0,NaN,NaN,0,0,55,
M22,HEX,,Unkn,,,NaN,0,0,NaN,NaN,0,0,55,
M22,Texas Red,,Unkn,,,NaN,0,0,NaN,NaN,0,0,55,
M23,Cy5,,Unkn,,,NaN,0,0,NaN,NaN,0,0,55,
M23,FAM,,Unkn,,,NaN,0,0,NaN,NaN,0,0,55,
M23,HEX,,Unkn,,,NaN,0,0,NaN,NaN,0,0,55,
M23,Texas Red,,Unkn,,,NaN,0,0,NaN,NaN,0,0,55,
M24,Cy5,,Unkn,,,NaN,0,0,NaN,NaN,0,0,55,
M24,FAM,,Unkn,,,NaN,0,0,NaN,NaN,0,0,55,
M24,HEX,,Unkn,,,NaN,0,0,NaN,NaN,0,0,55,
M24,Texas Red,,Unkn,,,NaN,0,0,NaN,NaN,0,0,55,
N01,Cy5,,Unkn,,,NaN,0,0,NaN,NaN,0,0,55,
N01,FAM,,Unkn,,,NaN,0,0,NaN,NaN,0,0,55,
N01,HEX,,Unkn,,,NaN,0,0,NaN,NaN,0,0,55,
N01,Texas Red,,Unkn,,,NaN,0,0,NaN,NaN,0,0,55,
N02,Cy5,,Unkn,,,NaN,0,0,NaN,NaN,0,0,55,
N02,FAM,,Unkn,,,NaN,0,0,NaN,NaN,0,0,55,
N02,HEX,,Unkn,,,NaN,0,0,NaN,NaN,0,0,55,
N02,Texas Red,,Unkn,,,NaN,0,0,NaN,NaN,0,0,55,
N03,Cy5,,Unkn,,,NaN,0,0,NaN,NaN,0,0,55,
N03,FAM,,Unkn,,,NaN,0,0,NaN,NaN,0,0,55,
N03,HEX,,Unkn,,,NaN,0,0,NaN,NaN,0,0,55,
N03,Texas Red,,Unkn,,,NaN,0,0,NaN,NaN,0,0,55,
N04,Cy5,,Unkn,,,NaN,0,0,NaN,NaN,0,0,55,
N04,FAM,,Unkn,,,NaN,0,0,NaN,NaN,0,0,55,
N04,HEX,,Unkn,,,NaN,0,0,NaN,NaN,0,0,55,
N04,Texas Red,,Unkn,,,NaN,0,0,NaN,NaN,0,0,55,
N05,Cy5,,Unkn,,,NaN,0,0,NaN,NaN,0,0,55,
N05,FAM,,Unkn,,,NaN,0,0,NaN,NaN,0,0,55,
N05,HEX,,Unkn,,,NaN,0,0,NaN,NaN,0,0,55,
N05,Texas Red,,Unkn,,,NaN,0,0,NaN,NaN,0,0,55,
N06,Cy5,,Unkn,,,NaN,0,0,NaN,NaN,0,0,55,
N06,FAM,,Unkn,,,NaN,0,0,NaN,NaN,0,0,55,
N06,HEX,,Unkn,,,NaN,0,0,NaN,NaN,0,0,55,
N06,Texas Red,,Unkn,,,NaN,0,0,NaN,NaN,0,0,55,
N07,Cy5,,Unkn,,,NaN,0,0,NaN,NaN,0,0,55,
N07,FAM,,Unkn,,,NaN,0,0,NaN,NaN,0,0,55,
N07,HEX,,Unkn,,,NaN,0,0,NaN,NaN,0,0,55,
N07,Texas Red,,Unkn,,,NaN,0,0,NaN,NaN,0,0,55,
N08,Cy5,,Unkn,,,NaN,0,0,NaN,NaN,0,0,55,
N08,FAM,,Unkn,,,NaN,0,0,NaN,NaN,0,0,55,
N08,HEX,,Unkn,,,NaN,0,0,NaN,NaN,0,0,55,
N08,Texas Red,,Unkn,,,NaN,0,0,NaN,NaN,0,0,55,
N09,Cy5,,Unkn,,,NaN,0,0,NaN,NaN,0,0,55,
N09,FAM,,Unkn,,,NaN,0,0,NaN,NaN,0,0,55,
N09,HEX,,Unkn,,,NaN,0,0,NaN,NaN,0,0,55,
N09,Texas Red,,Unkn,,,NaN,0,0,NaN,NaN,0,0,55,
N10,Cy5,,Unkn,,,NaN,0,0,NaN,NaN,0,0,55,
N10,FAM,,Unkn,,,NaN,0,0,NaN,NaN,0,0,55,
N10,HEX,,Unkn,,,NaN,0,0,NaN,NaN,0,0,55,
N10,Texas Red,,Unkn,,,NaN,0,0,NaN,NaN,0,0,55,
N11,Cy5,,Unkn,,,NaN,0,0,NaN,NaN,0,0,55,
N11,FAM,,Unkn,,,NaN,0,0,NaN,NaN,0,0,55,
N11,HEX,,Unkn,,,NaN,0,0,NaN,NaN,0,0,55,
N11,Texas Red,,Unkn,,,NaN,0,0,NaN,NaN,0,0,55,
N12,Cy5,,Unkn,,,NaN,0,0,NaN,NaN,0,0,55,
N12,FAM,,Unkn,,,NaN,0,0,NaN,NaN,0,0,55,
N12,HEX,,Unkn,,,NaN,0,0,NaN,NaN,0,0,55,
N12,Texas Red,,Unkn,,,NaN,0,0,NaN,NaN,0,0,55,
N13,Cy5,,Unkn,,,NaN,0,0,NaN,NaN,0,0,55,
N13,FAM,,Unkn,,,NaN,0,0,NaN,NaN,0,0,55,
N13,HEX,,Unkn,,,NaN,0,0,NaN,NaN,0,0,55,
N13,Texas Red,,Unkn,,,NaN,0,0,NaN,NaN,0,0,55,
N14,Cy5,,Unkn,,,NaN,0,0,NaN,NaN,0,0,55,
N14,FAM,,Unkn,,,NaN,0,0,NaN,NaN,0,0,55,
N14,HEX,,Unkn,,,NaN,0,0,NaN,NaN,0,0,55,
N14,Texas Red,,Unkn,,,NaN,0,0,NaN,NaN,0,0,55,
N15,Cy5,,Unkn,,,NaN,0,0,NaN,NaN,0,0,55,
N15,FAM,,Unkn,,,NaN,0,0,NaN,NaN,0,0,55,
N15,HEX,,Unkn,,,NaN,0,0,NaN,NaN,0,0,55,
N15,Texas Red,,Unkn,,,NaN,0,0,NaN,NaN,0,0,55,
N16,Cy5,,Unkn,,,NaN,0,0,NaN,NaN,0,0,55,
N16,FAM,,Unkn,,,NaN,0,0,NaN,NaN,0,0,55,
N16,HEX,,Unkn,,,NaN,0,0,NaN,NaN,0,0,55,
N16,Texas Red,,Unkn,,,NaN,0,0,NaN,NaN,0,0,55,
N17,Cy5,,Unkn,,,NaN,0,0,NaN,NaN,0,0,55,
N17,FAM,,Unkn,,,NaN,0,0,NaN,NaN,0,0,55,
N17,HEX,,Unkn,,,NaN,0,0,NaN,NaN,0,0,55,
N17,Texas Red,,Unkn,,,NaN,0,0,NaN,NaN,0,0,55,
N18,Cy5,,Unkn,,,NaN,0,0,NaN,NaN,0,0,55,
N18,FAM,,Unkn,,,NaN,0,0,NaN,NaN,0,0,55,
N18,HEX,,Unkn,,,NaN,0,0,NaN,NaN,0,0,55,
N18,Texas Red,,Unkn,,,NaN,0,0,NaN,NaN,0,0,55,
N19,Cy5,,Unkn,,,NaN,0,0,NaN,NaN,0,0,55,
N19,FAM,,Unkn,,,NaN,0,0,NaN,NaN,0,0,55,
N19,HEX,,Unkn,,,NaN,0,0,NaN,NaN,0,0,55,
N19,Texas Red,,Unkn,,,NaN,0,0,NaN,NaN,0,0,55,
N20,Cy5,,Unkn,,,NaN,0,0,NaN,NaN,0,0,55,
N20,FAM,,Unkn,,,NaN,0,0,NaN,NaN,0,0,55,
N20,HEX,,Unkn,,,NaN,0,0,NaN,NaN,0,0,55,
N20,Texas Red,,Unkn,,,NaN,0,0,NaN,NaN,0,0,55,
N21,Cy5,,Unkn,,,NaN,0,0,NaN,NaN,0,0,55,
N21,FAM,,Unkn,,,NaN,0,0,NaN,NaN,0,0,55,
N21,HEX,,Unkn,,,NaN,0,0,NaN,NaN,0,0,55,
N21,Texas Red,,Unkn,,,NaN,0,0,NaN,NaN,0,0,55,
N22,Cy5,,Unkn,,,NaN,0,0,NaN,NaN,0,0,55,
N22,FAM,,Unkn,,,NaN,0,0,NaN,NaN,0,0,55,
N22,HEX,,Unkn,,,NaN,0,0,NaN,NaN,0,0,55,
N22,Texas Red,,Unkn,,,NaN,0,0,NaN,NaN,0,0,55,
N23,Cy5,,Unkn,,,NaN,0,0,NaN,NaN,0,0,55,
N23,FAM,,Unkn,,,NaN,0,0,NaN,NaN,0,0,55,
N23,HEX,,Unkn,,,NaN,0,0,NaN,NaN,0,0,55,
N23,Texas Red,,Unkn,,,NaN,0,0,NaN,NaN,0,0,55,
N24,Cy5,,Unkn,,,NaN,0,0,NaN,NaN,0,0,55,
N24,FAM,,Unkn,,,NaN,0,0,NaN,NaN,0,0,55,
N24,HEX,,Unkn,,,NaN,0,0,NaN,NaN,0,0,55,
N24,Texas Red,,Unkn,,,NaN,0,0,NaN,NaN,0,0,55,
O01,Cy5,,Unkn,,,NaN,0,0,NaN,NaN,0,0,55,
O01,FAM,,Unkn,,,31.72150996,31.72150996,0,NaN,NaN,NaN,0,55,
O01,HEX,,Unkn,,,31.83935606,31.83935606,0,NaN,NaN,NaN,0,55,
O01,Texas Red,,Unkn,,,NaN,0,0,NaN,NaN,0,0,55,
O02,Cy5,,Unkn,,,NaN,0,0,NaN,NaN,0,0,55,
O02,FAM,,Unkn,,,NaN,0,0,NaN,NaN,0,0,55,
O02,HEX,,Unkn,,,NaN,0,0,NaN,NaN,0,0,55,
O02,Texas Red,,Unkn,,,NaN,0,0,NaN,NaN,0,0,55,
O03,Cy5,,Unkn,,,NaN,0,0,NaN,NaN,0,0,55,
O03,FAM,,Unkn,,,NaN,0,0,NaN,NaN,0,0,55,
O03,HEX,,Unkn,,,NaN,0,0,NaN,NaN,0,0,55,
O03,Texas Red,,Unkn,,,NaN,0,0,NaN,NaN,0,0,55,
O04,Cy5,,Unkn,,,NaN,0,0,NaN,NaN,0,0,55,
O04,FAM,,Unkn,,,NaN,0,0,NaN,NaN,0,0,55,
O04,HEX,,Unkn,,,NaN,0,0,NaN,NaN,0,0,55,
O04,Texas Red,,Unkn,,,NaN,0,0,NaN,NaN,0,0,55,
O05,Cy5,,Unkn,,,NaN,0,0,NaN,NaN,0,0,55,
O05,FAM,,Unkn,,,NaN,0,0,NaN,NaN,0,0,55,
O05,HEX,,Unkn,,,NaN,0,0,NaN,NaN,0,0,55,
O05,Texas Red,,Unkn,,,NaN,0,0,NaN,NaN,0,0,55,
O06,Cy5,,Unkn,,,NaN,0,0,NaN,NaN,0,0,55,
O06,FAM,,Unkn,,,NaN,0,0,NaN,NaN,0,0,55,
O06,HEX,,Unkn,,,NaN,0,0,NaN,NaN,0,0,55,
O06,Texas Red,,Unkn,,,NaN,0,0,NaN,NaN,0,0,55,
O07,Cy5,,Unkn,,,NaN,0,0,NaN,NaN,0,0,55,
O07,FAM,,Unkn,,,NaN,0,0,NaN,NaN,0,0,55,
O07,HEX,,Unkn,,,NaN,0,0,NaN,NaN,0,0,55,
O07,Texas Red,,Unkn,,,NaN,0,0,NaN,NaN,0,0,55,
O08,Cy5,,Unkn,,,NaN,0,0,NaN,NaN,0,0,55,
O08,FAM,,Unkn,,,NaN,0,0,NaN,NaN,0,0,55,
O08,HEX,,Unkn,,,NaN,0,0,NaN,NaN,0,0,55,
O08,Texas Red,,Unkn,,,NaN,0,0,NaN,NaN,0,0,55,
O09,Cy5,,Unkn,,,NaN,0,0,NaN,NaN,0,0,55,
O09,FAM,,Unkn,,,NaN,0,0,NaN,NaN,0,0,55,
O09,HEX,,Unkn,,,NaN,0,0,NaN,NaN,0,0,55,
O09,Texas Red,,Unkn,,,NaN,0,0,NaN,NaN,0,0,55,
O10,Cy5,,Unkn,,,NaN,0,0,NaN,NaN,0,0,55,
O10,FAM,,Unkn,,,NaN,0,0,NaN,NaN,0,0,55,
O10,HEX,,Unkn,,,NaN,0,0,NaN,NaN,0,0,55,
O10,Texas Red,,Unkn,,,NaN,0,0,NaN,NaN,0,0,55,
O11,Cy5,,Unkn,,,NaN,0,0,NaN,NaN,0,0,55,
O11,FAM,,Unkn,,,NaN,0,0,NaN,NaN,0,0,55,
O11,HEX,,Unkn,,,NaN,0,0,NaN,NaN,0,0,55,
O11,Texas Red,,Unkn,,,NaN,0,0,NaN,NaN,0,0,55,
O12,Cy5,,Unkn,,,NaN,0,0,NaN,NaN,0,0,55,
O12,FAM,,Unkn,,,NaN,0,0,NaN,NaN,0,0,55,
O12,HEX,,Unkn,,,NaN,0,0,NaN,NaN,0,0,55,
O12,Texas Red,,Unkn,,,NaN,0,0,NaN,NaN,0,0,55,
O13,Cy5,,Unkn,,,24.66879883,24.66879883,0,NaN,NaN,NaN,0,55,
O13,FAM,,Unkn,,,32.60250143,32.60250143,0,NaN,NaN,NaN,0,55,
O13,HEX,,Unkn,,,29.64702608,29.64702608,0,NaN,NaN,NaN,0,55,
O13,Texas Red,,Unkn,,,NaN,0,0,NaN,NaN,0,0,55,
O14,Cy5,,Unkn,,,25.01703396,25.01703396,0,NaN,NaN,NaN,0,55,
O14,FAM,,Unkn,,,29.01525391,29.01525391,0,NaN,NaN,NaN,0,55,
O14,HEX,,Unkn,,,26.97851536,26.97851536,0,NaN,NaN,NaN,0,55,
O14,Texas Red,,Unkn,,,NaN,0,0,NaN,NaN,0,0,55,
O15,Cy5,,Unkn,,,NaN,0,0,NaN,NaN,0,0,55,
O15,FAM,,Unkn,,,NaN,0,0,NaN,NaN,0,0,55,
O15,HEX,,Unkn,,,NaN,0,0,NaN,NaN,0,0,55,
O15,Texas Red,,Unkn,,,NaN,0,0,NaN,NaN,0,0,55,
O16,Cy5,,Unkn,,,NaN,0,0,NaN,NaN,0,0,55,
O16,FAM,,Unkn,,,NaN,0,0,NaN,NaN,0,0,55,
O16,HEX,,Unkn,,,NaN,0,0,NaN,NaN,0,0,55,
O16,Texas Red,,Unkn,,,NaN,0,0,NaN,NaN,0,0,55,
O17,Cy5,,Unkn,,,NaN,0,0,NaN,NaN,0,0,55,
O17,FAM,,Unkn,,,NaN,0,0,NaN,NaN,0,0,55,
O17,HEX,,Unkn,,,NaN,0,0,NaN,NaN,0,0,55,
O17,Texas Red,,Unkn,,,NaN,0,0,NaN,NaN,0,0,55,
O18,Cy5,,Unkn,,,NaN,0,0,NaN,NaN,0,0,55,
O18,FAM,,Unkn,,,NaN,0,0,NaN,NaN,0,0,55,
O18,HEX,,Unkn,,,NaN,0,0,NaN,NaN,0,0,55,
O18,Texas Red,,Unkn,,,NaN,0,0,NaN,NaN,0,0,55,
O19,Cy5,,Unkn,,,NaN,0,0,NaN,NaN,0,0,55,
O19,FAM,,Unkn,,,NaN,0,0,NaN,NaN,0,0,55,
O19,HEX,,Unkn,,,NaN,0,0,NaN,NaN,0,0,55,
O19,Texas Red,,Unkn,,,NaN,0,0,NaN,NaN,0,0,55,
O20,Cy5,,Unkn,,,NaN,0,0,NaN,NaN,0,0,55,
O20,FAM,,Unkn,,,NaN,0,0,NaN,NaN,0,0,55,
O20,HEX,,Unkn,,,NaN,0,0,NaN,NaN,0,0,55,
O20,Texas Red,,Unkn,,,NaN,0,0,NaN,NaN,0,0,55,
O21,Cy5,,Unkn,,,NaN,0,0,NaN,NaN,0,0,55,
O21,FAM,,Unkn,,,NaN,0,0,NaN,NaN,0,0,55,
O21,HEX,,Unkn,,,NaN,0,0,NaN,NaN,0,0,55,
O21,Texas Red,,Unkn,,,NaN,0,0,NaN,NaN,0,0,55,
O22,Cy5,,Unkn,,,NaN,0,0,NaN,NaN,0,0,55,
O22,FAM,,Unkn,,,NaN,0,0,NaN,NaN,0,0,55,
O22,HEX,,Unkn,,,NaN,0,0,NaN,NaN,0,0,55,
O22,Texas Red,,Unkn,,,NaN,0,0,NaN,NaN,0,0,55,
O23,Cy5,,Unkn,,,NaN,0,0,NaN,NaN,0,0,55,
O23,FAM,,Unkn,,,NaN,0,0,NaN,NaN,0,0,55,
O23,HEX,,Unkn,,,NaN,0,0,NaN,NaN,0,0,55,
O23,Texas Red,,Unkn,,,NaN,0,0,NaN,NaN,0,0,55,
O24,Cy5,,Unkn,,,NaN,0,0,NaN,NaN,0,0,55,
O24,FAM,,Unkn,,,NaN,0,0,NaN,NaN,0,0,55,
O24,HEX,,Unkn,,,NaN,0,0,NaN,NaN,0,0,55,
O24,Texas Red,,Unkn,,,NaN,0,0,NaN,NaN,0,0,55,
P01,Cy5,,Unkn,,,NaN,0,0,NaN,NaN,0,0,55,
P01,FAM,,Unkn,,,NaN,0,0,NaN,NaN,0,0,55,
P01,HEX,,Unkn,,,NaN,0,0,NaN,NaN,0,0,55,
P01,Texas Red,,Unkn,,,NaN,0,0,NaN,NaN,0,0,55,
P02,Cy5,,Unkn,,,NaN,0,0,NaN,NaN,0,0,55,
P02,FAM,,Unkn,,,NaN,0,0,NaN,NaN,0,0,55,
P02,HEX,,Unkn,,,32.77507895,32.77507895,0,NaN,NaN,NaN,0,55,
P02,Texas Red,,Unkn,,,NaN,0,0,NaN,NaN,0,0,55,
P03,Cy5,,Unkn,,,NaN,0,0,NaN,NaN,0,0,55,
P03,FAM,,Unkn,,,NaN,0,0,NaN,NaN,0,0,55,
P03,HEX,,Unkn,,,NaN,0,0,NaN,NaN,0,0,55,
P03,Texas Red,,Unkn,,,NaN,0,0,NaN,NaN,0,0,55,
P04,Cy5,,Unkn,,,NaN,0,0,NaN,NaN,0,0,55,
P04,FAM,,Unkn,,,NaN,0,0,NaN,NaN,0,0,55,
P04,HEX,,Unkn,,,NaN,0,0,NaN,NaN,0,0,55,
P04,Texas Red,,Unkn,,,NaN,0,0,NaN,NaN,0,0,55,
P05,Cy5,,Unkn,,,NaN,0,0,NaN,NaN,0,0,55,
P05,FAM,,Unkn,,,NaN,0,0,NaN,NaN,0,0,55,
P05,HEX,,Unkn,,,NaN,0,0,NaN,NaN,0,0,55,
P05,Texas Red,,Unkn,,,NaN,0,0,NaN,NaN,0,0,55,
P06,Cy5,,Unkn,,,NaN,0,0,NaN,NaN,0,0,55,
P06,FAM,,Unkn,,,NaN,0,0,NaN,NaN,0,0,55,
P06,HEX,,Unkn,,,NaN,0,0,NaN,NaN,0,0,55,
P06,Texas Red,,Unkn,,,NaN,0,0,NaN,NaN,0,0,55,
P07,Cy5,,Unkn,,,NaN,0,0,NaN,NaN,0,0,55,
P07,FAM,,Unkn,,,NaN,0,0,NaN,NaN,0,0,55,
P07,HEX,,Unkn,,,NaN,0,0,NaN,NaN,0,0,55,
P07,Texas Red,,Unkn,,,NaN,0,0,NaN,NaN,0,0,55,
P08,Cy5,,Unkn,,,NaN,0,0,NaN,NaN,0,0,55,
P08,FAM,,Unkn,,,NaN,0,0,NaN,NaN,0,0,55,
P08,HEX,,Unkn,,,NaN,0,0,NaN,NaN,0,0,55,
P08,Texas Red,,Unkn,,,NaN,0,0,NaN,NaN,0,0,55,
P09,Cy5,,Unkn,,,NaN,0,0,NaN,NaN,0,0,55,
P09,FAM,,Unkn,,,NaN,0,0,NaN,NaN,0,0,55,
P09,HEX,,Unkn,,,NaN,0,0,NaN,NaN,0,0,55,
P09,Texas Red,,Unkn,,,NaN,0,0,NaN,NaN,0,0,55,
P10,Cy5,,Unkn,,,NaN,0,0,NaN,NaN,0,0,55,
P10,FAM,,Unkn,,,NaN,0,0,NaN,NaN,0,0,55,
P10,HEX,,Unkn,,,NaN,0,0,NaN,NaN,0,0,55,
P10,Texas Red,,Unkn,,,NaN,0,0,NaN,NaN,0,0,55,
P11,Cy5,,Unkn,,,NaN,0,0,NaN,NaN,0,0,55,
P11,FAM,,Unkn,,,NaN,0,0,NaN,NaN,0,0,55,
P11,HEX,,Unkn,,,NaN,0,0,NaN,NaN,0,0,55,
P11,Texas Red,,Unkn,,,NaN,0,0,NaN,NaN,0,0,55,
P12,Cy5,,Unkn,,,NaN,0,0,NaN,NaN,0,0,55,
P12,FAM,,Unkn,,,NaN,0,0,NaN,NaN,0,0,55,
P12,HEX,,Unkn,,,NaN,0,0,NaN,NaN,0,0,55,
P12,Texas Red,,Unkn,,,NaN,0,0,NaN,NaN,0,0,55,
P13,Cy5,,Unkn,,,NaN,0,0,NaN,NaN,0,0,55,
P13,FAM,,Unkn,,,NaN,0,0,NaN,NaN,0,0,55,
P13,HEX,,Unkn,,,NaN,0,0,NaN,NaN,0,0,55,
P13,Texas Red,,Unkn,,,NaN,0,0,NaN,NaN,0,0,55,
P14,Cy5,,Unkn,,,NaN,0,0,NaN,NaN,0,0,55,
P14,FAM,,Unkn,,,NaN,0,0,NaN,NaN,0,0,55,
P14,HEX,,Unkn,,,NaN,0,0,NaN,NaN,0,0,55,
P14,Texas Red,,Unkn,,,NaN,0,0,NaN,NaN,0,0,55,
P15,Cy5,,Unkn,,,NaN,0,0,NaN,NaN,0,0,55,
P15,FAM,,Unkn,,,NaN,0,0,NaN,NaN,0,0,55,
P15,HEX,,Unkn,,,NaN,0,0,NaN,NaN,0,0,55,
P15,Texas Red,,Unkn,,,NaN,0,0,NaN,NaN,0,0,55,
P16,Cy5,,Unkn,,,NaN,0,0,NaN,NaN,0,0,55,
P16,FAM,,Unkn,,,NaN,0,0,NaN,NaN,0,0,55,
P16,HEX,,Unkn,,,NaN,0,0,NaN,NaN,0,0,55,
P16,Texas Red,,Unkn,,,NaN,0,0,NaN,NaN,0,0,55,
P17,Cy5,,Unkn,,,NaN,0,0,NaN,NaN,0,0,55,
P17,FAM,,Unkn,,,NaN,0,0,NaN,NaN,0,0,55,
P17,HEX,,Unkn,,,NaN,0,0,NaN,NaN,0,0,55,
P17,Texas Red,,Unkn,,,NaN,0,0,NaN,NaN,0,0,55,
P18,Cy5,,Unkn,,,NaN,0,0,NaN,NaN,0,0,55,
P18,FAM,,Unkn,,,NaN,0,0,NaN,NaN,0,0,55,
P18,HEX,,Unkn,,,NaN,0,0,NaN,NaN,0,0,55,
P18,Texas Red,,Unkn,,,NaN,0,0,NaN,NaN,0,0,55,
P19,Cy5,,Unkn,,,NaN,0,0,NaN,NaN,0,0,55,
P19,FAM,,Unkn,,,NaN,0,0,NaN,NaN,0,0,55,
P19,HEX,,Unkn,,,NaN,0,0,NaN,NaN,0,0,55,
P19,Texas Red,,Unkn,,,NaN,0,0,NaN,NaN,0,0,55,
P20,Cy5,,Unkn,,,NaN,0,0,NaN,NaN,0,0,55,
P20,FAM,,Unkn,,,NaN,0,0,NaN,NaN,0,0,55,
P20,HEX,,Unkn,,,NaN,0,0,NaN,NaN,0,0,55,
P20,Texas Red,,Unkn,,,NaN,0,0,NaN,NaN,0,0,55,
P21,Cy5,,Unkn,,,NaN,0,0,NaN,NaN,0,0,55,
P21,FAM,,Unkn,,,NaN,0,0,NaN,NaN,0,0,55,
P21,HEX,,Unkn,,,NaN,0,0,NaN,NaN,0,0,55,
P21,Texas Red,,Unkn,,,NaN,0,0,NaN,NaN,0,0,55,
P22,Cy5,,Unkn,,,NaN,0,0,NaN,NaN,0,0,55,
P22,FAM,,Unkn,,,NaN,0,0,NaN,NaN,0,0,55,
P22,HEX,,Unkn,,,NaN,0,0,NaN,NaN,0,0,55,
P22,Texas Red,,Unkn,,,NaN,0,0,NaN,NaN,0,0,55,
P23,Cy5,,Unkn,,,NaN,0,0,NaN,NaN,0,0,55,
P23,FAM,,Unkn,,,NaN,0,0,NaN,NaN,0,0,55,
P23,HEX,,Unkn,,,NaN,0,0,NaN,NaN,0,0,55,
P23,Texas Red,,Unkn,,,NaN,0,0,NaN,NaN,0,0,55,
P24,Cy5,,Unkn,,,NaN,0,0,NaN,NaN,0,0,55,
P24,FAM,,Unkn,,,NaN,0,0,NaN,NaN,0,0,55,
P24,HEX,,Unkn,,,NaN,0,0,NaN,NaN,0,0,55,
P24,Texas Red,,Unkn,,,NaN,0,0,NaN,NaN,0,0,55,